informal,formal,input_processed,target_processed
तु काय करतोस?,आपण काय करत आहात?,तु काय आहे करतोस,आपण काय आहे करत आहात
काय चाललंय?,आपण कसे आहात?,सध्या काय सुरू आहे?,आपण कसे आहात
चल निघूया.,आपण आता निघूया.,चला निघूया,आपण आता निघूया
हे मस्त आहे!,हे खूप छान आहे.,हे छान आहे,हे अत्यंत छान आहे
बघितलंस का?,आपण पाहिले का?,बघितलंस का,आपण पाहिले का
सांग ना मला!,कृपया मला सांगा.,कृपया सांगा कृपया माझ्यासाठी,कृपया माझ्यासाठी सांगा
काय रे हाच का?,हा व्यक्ती हाच आहे का?,काय आहे महोदय हाच का,हा व्यक्ती हाच आहे का
अजून वेळ लागेल का?,यासाठी अजून वेळ लागेल का?,अजून वेळ लागेल का,यासाठी अजून वेळ लागेल का
खूप भूक लागलीय.,मला खूप भूक लागली आहे.,अत्यंत भूक लागलीय,माझ्यासाठी अत्यंत भूक लागली आहे
चल भेटू नंतर.,आपणास नंतर भेटूया.,चला भेटूया पश्चात,आपणास पश्चात भेटूया
माझं काम झालं.,माझं काम पूर्ण झाले आहे.,माझं काम झाले आहे,माझं काम पूर्ण झाले आहे
कधी येणार?,आपण कधी येणार आहात?,कधी येणार,आपण कधी येणार आहात
हा भारी आहे!,हा खूप चांगला आहे.,हा छान आहे,हा अत्यंत चांगला आहे
थांब जरा!,कृपया थोडा वेळ थांबा.,थांबा जरा,कृपया थोडा वेळ थांबा
मस्त चाललंय!,सर्व काही व्यवस्थित चालले आहे.,छान चाललंय,सर्व काही व्यवस्थित चालले आहे
आज काय प्लॅन?,आजची आपली योजना काय आहे?,आज काय आहे प्लॅन,आजची आपली योजना काय आहे आहे
फार उशीर झालाय.,फार उशीर झाला आहे.,फार उशीर झालाय,फार उशीर झाला आहे
तु कुठे जाणार?,आपण कुठे जाणार आहात?,तु कुठे जाणार,आपण कुठे जाणार आहात
नाही जमणार मला.,मला ते शक्य होणार नाही.,नाही जमणार माझ्यासाठी,माझ्यासाठी ते शक्य होणार नाही
छान दिसतेस!,आपण खूप छान दिसत आहात.,छान दिसतेस,आपण अत्यंत छान दिसत आहात
लवकर कर ना!,कृपया लवकर करा.,लवकर कर कृपया,कृपया लवकर करा
झालं का तुझं?,आपले काम पूर्ण झाले का?,झाले आहे का तुझं,आपले काम पूर्ण झाले का
उद्या भेटूया का?,आपणास उद्या भेटू का?,उद्या भेटूया का,आपणास उद्या भेटूया का
तू खूप बदललास.,आपण खूप बदलले आहात.,तू अत्यंत बदललास,आपण अत्यंत बदलले आहात
आता काय करायचं?,आता आपल्याला काय करायचे आहे?,आता काय आहे करायचं,आता आपल्याला काय आहे करायचे आहे
माझ्याकडे वेळ नाही.,माझ्याकडे वेळ नाही आहे.,माझ्याकडे वेळ नाही,माझ्याकडे वेळ नाही आहे
हे खरं आहे का?,हे खरे आहे का?,हे खरं आहे का,हे खरे आहे का
मला सांगशील का?,आपण मला सांगाल का?,माझ्यासाठी सांगशील का,आपण माझ्यासाठी सांगाल का
तु खुश दिसतोस.,आपण आनंदी दिसत आहात.,तु खुश दिसतोस,आपण आनंदी दिसत आहात
किती छान आहे!,हे किती छान आहे!,किती छान आहे,हे किती छान आहे
चल बसूया.,आपण बसूया.,चला बसूया,आपण बसूया
काय प्रॉब्लेम आहे?,काय अडचण आहे?,काय आहे प्रॉब्लेम आहे,काय आहे अडचण आहे
आज हवामान भारी आहे!,आज हवामान छान आहे!,आज हवामान छान आहे,आज हवामान छान आहे
तु खूप गोड आहेस.,आपण खूप गोड आहात.,तु अत्यंत गोड आहेस,आपण अत्यंत गोड आहात
मला झोप येतेय.,मला झोप येत आहे.,माझ्यासाठी झोप येतेय,माझ्यासाठी झोप येत आहे
हे सोपं आहे.,हे सोपे आहे.,हे सोपं आहे,हे सोपे आहे
काय करणार आता?,आपण आता काय करणार आहात?,काय आहे करणार आता,आपण आता काय आहे करणार आहात
मला अजून शिकायचंय.,मला अजून शिकायचे आहे.,माझ्यासाठी अजून शिकायचंय,माझ्यासाठी अजून शिकायचे आहे
तू थकलास का?,आपण थकले आहात का?,तू थकलास का,आपण थकले आहात का
आजचा दिवस छान गेला.,आजचा दिवस छान गेला आहे.,आजचा दिवस छान गेला,आजचा दिवस छान गेला आहे
तु माझा मित्र आहेस.,आपण माझे मित्र आहात.,तु माझा मित्र आहेस,आपण माझे मित्र आहात
हे बरोबर आहे का?,हे योग्य आहे का?,हे बरोबर आहे का,हे योग्य आहे का
माझं डोकं दुखतंय.,माझं डोकं दुखत आहे.,माझं डोकं दुखतंय,माझं डोकं दुखत आहे
थोडं पाणी दे.,कृपया थोडं पाणी द्या.,थोडं पाणी दे,कृपया थोडं पाणी द्या
आज खूप उष्णता आहे.,आज खूप उष्णता आहे.,आज अत्यंत उष्णता आहे,आज अत्यंत उष्णता आहे
तुला काय हवंय?,आपल्याला काय आवश्यक आहे?,तुला काय आहे हवंय,आपल्याला काय आहे आवश्यक आहे
चल चित्रपट बघूया.,आपण चित्रपट पाहूया.,चला चित्रपट बघूया,आपण चित्रपट पाहूया
ही गोष्ट गुप्त आहे.,ही गोष्ट गुप्त आहे.,ही गोष्ट गुप्त आहे,ही गोष्ट गुप्त आहे
तुला माहीत आहे का?,आपल्याला माहिती आहे का?,तुला माहीत आहे का,आपल्याला माहिती आहे का
तुला आवडलं का?,आपल्याला आवडले का?,तुला आवडलं का,आपल्याला आवडले का
तु मजेदार आहेस.,आपण मजेदार आहात.,तु मजेदार आहेस,आपण मजेदार आहात
आता जाऊया का?,आपण आता जाऊ का?,आता जाऊया का,आपण आता जाऊ का
हे छान झालं.,हे छान झाले आहे.,हे छान झाले आहे,हे छान झाले आहे
माझं नाव राहुल.,माझं नाव राहुल आहे.,माझं नाव राहुल,माझं नाव राहुल आहे
काय चाललंय घरात?,आपल्या घरी काय चालले आहे?,काय आहे चाललंय घरात,आपल्या घरी काय आहे चालले आहे
तो माझा भाऊ आहे.,तो माझा भाऊ आहे.,तो माझा भाऊ आहे,तो माझा भाऊ आहे
तुला काय वाटतं?,आपल्याला काय वाटते?,तुला काय आहे वाटतं,आपल्याला काय आहे वाटते
आज रविवार आहे.,आज रविवार आहे.,आज रविवार आहे,आज रविवार आहे
तु कुठून आलास?,आपण कुठून आला आहात?,तु कुठून आलास,आपण कुठून आला आहात
मला ते नकोय.,मला ते नको आहे.,माझ्यासाठी ते नकोय,माझ्यासाठी ते नको आहे
तु छान गातोस.,आपण छान गाता.,तु छान गातोस,आपण छान गाता
मला भूक नाही.,मला भूक नाही आहे.,माझ्यासाठी भूक नाही,माझ्यासाठी भूक नाही आहे
आज सुट्टी आहे.,आज सुट्टी आहे.,आज सुट्टी आहे,आज सुट्टी आहे
तु चांगला आहेस.,आपण चांगले आहात.,तु चांगला आहेस,आपण चांगले आहात
हे ऐकून मजा आली.,हे ऐकून आनंद झाला.,हे ऐकून मजा आली,हे ऐकून आनंद झाला
मला विश्वास नाही.,मला विश्वास नाही आहे.,माझ्यासाठी विश्वास नाही,माझ्यासाठी विश्वास नाही आहे
तु उशीर केलास.,आपण उशीर केला.,तु उशीर केलास,आपण उशीर केला
ही जागा छान आहे.,ही जागा छान आहे.,ही जागा छान आहे,ही जागा छान आहे
तु हसतोस छान.,आपण छान हसता.,तु हसतोस छान,आपण छान हसता
मला समजलं नाही.,मला समजलं नाही.,माझ्यासाठी समजलं नाही,माझ्यासाठी समजलं नाही
तुला भेटून आनंद झाला.,आपणास भेटून आनंद झाला.,तुला भेटून आनंद झाला,आपणास भेटून आनंद झाला
आज खूप छान आहे.,आज खूप छान आहे.,आज अत्यंत छान आहे,आज अत्यंत छान आहे
मला सांग.,कृपया मला सांगा.,माझ्यासाठी कृपया सांगा,कृपया माझ्यासाठी सांगा
तो खूप हुशार आहे.,तो खूप हुशार आहे.,तो अत्यंत हुशार आहे,तो अत्यंत हुशार आहे
तु अजून तयार नाहीस.,आपण अजून तयार नाही आहात.,तु अजून तयार नाहीस,आपण अजून तयार नाही आहात
हे का झालं?,हे का झाले आहे?,हे का झाले आहे,हे का झाले आहे
मला हे आवडलं.,मला हे आवडले आहे.,माझ्यासाठी हे आवडलं,माझ्यासाठी हे आवडले आहे
तुला आवडतंय?,आपल्याला आवडत आहे का?,तुला आवडतंय,आपल्याला आवडत आहे का
तु काय विचारतोस?,आपण काय विचारता?,तु काय आहे विचारतोस,आपण काय आहे विचारता
हे सुंदर आहे!,हे सुंदर आहे!,हे सुंदर आहे,हे सुंदर आहे
मला शांतता हवीय.,मला शांतता हवी आहे.,माझ्यासाठी शांतता हवीय,माझ्यासाठी शांतता हवी आहे
तु इथे येणार का?,आपण येथे येणार आहात का?,तु इथे येणार का,आपण येथे येणार आहात का
तुला वेळ आहे का?,आपल्याकडे वेळ आहे का?,तुला वेळ आहे का,आपल्याकडे वेळ आहे का
तु कुठे जातोस?,आपण कुठे जात आहात?,तु कुठे जातोस,आपण कुठे जात आहात
हे माझं आहे.,हे माझं आहे.,हे माझं आहे,हे माझं आहे
तुला कोण भेटला?,आपल्याला कोण भेटला?,तुला कोण भेटला,आपल्याला कोण भेटला
मला काही फरक नाही.,मला काही फरक नाही आहे.,माझ्यासाठी काही फरक नाही,माझ्यासाठी काही फरक नाही आहे
हे छान वाटतंय.,हे छान वाटत आहे.,हे छान वाटतंय,हे छान वाटत आहे
तो खूप चांगला आहे.,तो खूप चांगला आहे.,तो अत्यंत चांगला आहे,तो अत्यंत चांगला आहे
तु शिकतोस अजून?,आपण अजून शिकत आहात का?,तु शिकतोस अजून,आपण अजून शिकत आहात का
आज मस्त जेवलो.,आज मी छान जेवण केले.,आज छान जेवलो,आज मी छान जेवण केले
काय झालंय तुला?,आपल्याला काय झाले आहे?,काय आहे झाले आहे तुला,आपल्याला काय आहे झाले आहे
तु काय बोलतोस?,आपण काय बोलत आहात?,तु काय आहे बोलतोस,आपण काय आहे बोलत आहात
मला तुझी आठवण येते.,मला आपली आठवण येते.,माझ्यासाठी तुझी आठवण येते,माझ्यासाठी आपली आठवण येते
हे खरंच छान आहे.,हे खरंच छान आहे.,हे खरंच छान आहे,हे खरंच छान आहे
मला विसरलं.,मी विसरलो आहे.,माझ्यासाठी विसरलं,मी विसरलो आहे
तु खुश आहेस का?,आपण समाधानी आहात का?,तु खुश आहेस का,आपण समाधानी आहात का
आज काय खाल्लंस?,आज आपण काय खाल्ले?,आज काय आहे खाल्लंस,आज आपण काय आहे खाल्ले
तु ऐकतोस का?,आपण ऐकत आहात का?,तु ऐकतोस का,आपण ऐकत आहात का
मला तुझी मदत हवीय.,मला आपली मदत हवी आहे.,माझ्यासाठी तुझी मदत हवीय,माझ्यासाठी आपली मदत हवी आहे
हे बघ.,कृपया हे पहा.,हे पहा,कृपया हे पहा
किती वाजले?,आत्ता किती वाजले आहेत?,सध्या किती वाजले आहेत?,आत्ता किती वाजले आहेत
तु इथे थांब.,आपण येथे थांबा.,तु इथे थांबा,आपण येथे थांबा
माझं पेन हरवलं.,माझं पेन हरवले आहे.,माझं पेन हरवलं,माझं पेन हरवले आहे
हे अजून बाकी आहे.,हे अजून बाकी आहे.,हे अजून बाकी आहे,हे अजून बाकी आहे
तु आलास का?,आपण आले आहात का?,तु आलास का,आपण आले आहात का
मला ते समजलं.,मला ते समजले आहे.,माझ्यासाठी ते समजलं,माझ्यासाठी ते समजले आहे
हा माझा प्रॉब्लेम आहे.,हा माझा प्रश्न आहे.,हा माझा प्रॉब्लेम आहे,हा माझा प्रश्न आहे
तु लवकर ये.,कृपया आपण लवकर या.,तु लवकर ये,कृपया आपण लवकर या
आज काय शिजवलं?,आज आपण काय शिजवले आहे?,आज काय आहे शिजवलं,आज आपण काय आहे शिजवले आहे
मला अजून थोडा वेळ हवा.,मला अजून थोडा वेळ आवश्यक आहे.,माझ्यासाठी अजून थोडा वेळ हवा,माझ्यासाठी अजून थोडा वेळ आवश्यक आहे
तु बरोबर आहेस.,आपण बरोबर आहात.,तु बरोबर आहेस,आपण बरोबर आहात
मला मदत करशील का?,आपण मला मदत कराल का?,माझ्यासाठी मदत करशील का,आपण माझ्यासाठी मदत कराल का
हा माझा मोबाईल आहे.,हा माझा मोबाईल आहे.,हा माझा मोबाईल आहे,हा माझा मोबाईल आहे
मला खूप आनंद झालाय.,मला खूप आनंद झाला आहे.,माझ्यासाठी अत्यंत आनंद झालाय,माझ्यासाठी अत्यंत आनंद झाला आहे
तु माझ्यावर विश्वास ठेवतोस का?,आपण माझ्यावर विश्वास ठेवता का?,तु माझ्यावर विश्वास ठेवतोस का,आपण माझ्यावर विश्वास ठेवता का
चल थोडं फिरूया.,आपण थोडं फिरायला जाऊया.,चला थोडं फिरूया,आपण थोडं फिरायला जाऊया
तुला चालेल का?,आपल्याला योग्य वाटेल का?,तुला चालेल का,आपल्याला योग्य वाटेल का
मला हे करायचंय.,मला हे करायचे आहे.,माझ्यासाठी हे करायचंय,माझ्यासाठी हे करायचे आहे
तु गप्प बस.,कृपया आपण शांत बसा.,तु गप्प बस,कृपया आपण शांत बसा
मला झोप नाही येत.,मला झोप येत नाही आहे.,माझ्यासाठी झोप नाही येत,माझ्यासाठी झोप येत नाही आहे
तु खूप चांगलं काम केलंस.,आपण खूप चांगले काम केले आहे.,तु अत्यंत चांगलं काम केलंस,आपण अत्यंत चांगले काम केले आहे
आज किती थंडी आहे!,आज खूप थंडी आहे.,आज किती थंडी आहे,आज अत्यंत थंडी आहे
तु माझ्यासोबत येशील का?,आपण माझ्यासोबत याल का?,तु माझ्यासोबत येशील का,आपण माझ्यासोबत याल का
हे माझं घर आहे.,हे माझं घर आहे.,हे माझं घर आहे,हे माझं घर आहे
मला शंका आहे.,मला शंका आहे.,माझ्यासाठी शंका आहे,माझ्यासाठी शंका आहे
तु शाळेत जातोस?,आपण शाळेत जाता का?,तु शाळेत जातोस,आपण शाळेत जाता का
हा कुठे मिळेल?,हा कुठे मिळू शकतो?,हा कुठे मिळेल,हा कुठे मिळू शकतो
तुला माहिती आहे का?,आपल्याला माहिती आहे का?,तुला माहिती आहे का,आपल्याला माहिती आहे का
मला हे मान्य नाही.,मला हे मान्य नाही आहे.,माझ्यासाठी हे मान्य नाही,माझ्यासाठी हे मान्य नाही आहे
तु काय म्हणतोस?,आपण काय म्हणता?,तु काय आहे म्हणतोस,आपण काय आहे म्हणता
हा माझा मित्र आहे.,हा माझा मित्र आहे.,हा माझा मित्र आहे,हा माझा मित्र आहे
मला उशीर झाला.,मला उशीर झाला आहे.,माझ्यासाठी उशीर झाला,माझ्यासाठी उशीर झाला आहे
तु माझ्यासोबत खेळशील का?,आपण माझ्यासोबत खेळाल का?,तु माझ्यासोबत खेळशील का,आपण माझ्यासोबत खेळाल का
हे बरोबर नाही.,हे योग्य नाही आहे.,हे बरोबर नाही,हे योग्य नाही आहे
मला तुझी आठवण झाली.,मला आपली आठवण झाली आहे.,माझ्यासाठी तुझी आठवण झाली,माझ्यासाठी आपली आठवण झाली आहे
आज पाऊस पडतोय.,आज पाऊस पडत आहे.,आज पाऊस पडतोय,आज पाऊस पडत आहे
तु कुठे राहतोस?,आपण कुठे राहता?,तु कुठे राहतोस,आपण कुठे राहता
मला पाणी प्यायचंय.,मला पाणी प्यायचे आहे.,माझ्यासाठी पाणी प्यायचंय,माझ्यासाठी पाणी प्यायचे आहे
हा प्रोजेक्ट मस्त आहे.,हा प्रकल्प उत्कृष्ट आहे.,हा प्रोजेक्ट छान आहे,हा प्रकल्प उत्कृष्ट आहे
तुला चालेल का?,आपल्याला योग्य वाटेल का?,तुला चालेल का,आपल्याला योग्य वाटेल का
मला माफ कर.,मला माफ करा.,माझ्यासाठी माफ कर,माझ्यासाठी माफ करा
तु माझा फोटो काढलास का?,आपण माझा फोटो काढला का?,तु माझा फोटो काढलास का,आपण माझा फोटो काढला का
मला अजून खात्री नाही.,मला अजून खात्री नाही आहे.,माझ्यासाठी अजून खात्री नाही,माझ्यासाठी अजून खात्री नाही आहे
तु रागावलास का?,आपण रागावलात का?,तु रागावलास का,आपण रागावलात का
मला हा रंग आवडला.,मला हा रंग आवडला आहे.,माझ्यासाठी हा रंग आवडला,माझ्यासाठी हा रंग आवडला आहे
तु खूप व्यस्त आहेस.,आपण खूप व्यस्त आहात.,तु अत्यंत व्यस्त आहेस,आपण अत्यंत व्यस्त आहात
हे छान दिसतंय.,हे छान दिसत आहे.,हे छान दिसतंय,हे छान दिसत आहे
तु काय करायला आवडेल?,आपल्याला काय करायला आवडेल?,तु काय आहे करायला आवडेल,आपल्याला काय आहे करायला आवडेल
मला वाचायचंय.,मला वाचायचे आहे.,माझ्यासाठी वाचायचंय,माझ्यासाठी वाचायचे आहे
तुला त्रास झाला का?,आपल्याला त्रास झाला का?,तुला त्रास झाला का,आपल्याला त्रास झाला का
हे कठीण आहे.,हे कठीण आहे.,हे कठीण आहे,हे कठीण आहे
मला नवीन शिकायचंय.,मला नवीन शिकायचे आहे.,माझ्यासाठी नवीन शिकायचंय,माझ्यासाठी नवीन शिकायचे आहे
तु मदत करशील का?,आपण मदत कराल का?,तु मदत करशील का,आपण मदत कराल का
मला गाणं ऐकायचंय.,मला गाणं ऐकायचे आहे.,माझ्यासाठी गाणं ऐकायचंय,माझ्यासाठी गाणं ऐकायचे आहे
हा बघ किती छान आहे!,कृपया हा पहा किती छान आहे.,हा पहा किती छान आहे,कृपया हा पहा किती छान आहे
तुला झोप आली का?,आपल्याला झोप आली का?,तुला झोप आली का,आपल्याला झोप आली का
तु अजून आला नाहीस.,आपण अजून आले नाही आहात.,तु अजून आला नाहीस,आपण अजून आले नाही आहात
मला ते पाहायचंय.,मला ते पाहायचे आहे.,माझ्यासाठी ते पाहायचंय,माझ्यासाठी ते पाहायचे आहे
हा माझा वर्ग आहे.,हा माझा वर्ग आहे.,हा माझा वर्ग आहे,हा माझा वर्ग आहे
तु काय वाचतोस?,आपण काय वाचता?,तु काय आहे वाचतोस,आपण काय आहे वाचता
मला खूप हसू आलं.,मला खूप हसू आले.,माझ्यासाठी अत्यंत हसू आलं,माझ्यासाठी अत्यंत हसू आले
तु माझ्याशी बोलशील का?,आपण माझ्याशी बोलाल का?,तु माझ्याशी बोलशील का,आपण माझ्याशी बोलाल का
मला पुस्तक द्यायचंय.,मला पुस्तक द्यायचे आहे.,माझ्यासाठी पुस्तक द्यायचंय,माझ्यासाठी पुस्तक द्यायचे आहे
हा माझा आवडता चित्रपट आहे.,हा माझा आवडता चित्रपट आहे.,हा माझा आवडता चित्रपट आहे,हा माझा आवडता चित्रपट आहे
तु यायला हवं.,आपण यायला हवे.,तु यायला हवं,आपण यायला हवे
मला काही खायचंय.,मला काही खायचे आहे.,माझ्यासाठी काही खायचंय,माझ्यासाठी काही खायचे आहे
तु उशीर केलास.,आपण उशीर केला.,तु उशीर केलास,आपण उशीर केला
मला अजून विचार करायचाय.,मला अजून विचार करायचा आहे.,माझ्यासाठी अजून विचार करायचाय,माझ्यासाठी अजून विचार करायचा आहे
तु खूप चांगलं बोललास.,आपण खूप चांगले बोलले.,तु अत्यंत चांगलं बोललास,आपण अत्यंत चांगले बोलले
मला ते मान्य आहे.,मला ते मान्य आहे.,माझ्यासाठी ते मान्य आहे,माझ्यासाठी ते मान्य आहे
हा प्रश्न अवघड आहे.,हा प्रश्न अवघड आहे.,हा प्रश्न अवघड आहे,हा प्रश्न अवघड आहे
तु माझ्यासोबत येशील?,आपण माझ्यासोबत याल का?,तु माझ्यासोबत येशील,आपण माझ्यासोबत याल का
मला झोपायचंय.,मला झोपायचे आहे.,माझ्यासाठी झोपायचंय,माझ्यासाठी झोपायचे आहे
तु माझं ऐकतोस का?,आपण माझं ऐकत आहात का?,तु माझं ऐकतोस का,आपण माझं ऐकत आहात का
मला पेन द्यायचंय.,मला पेन द्यायचे आहे.,माझ्यासाठी पेन द्यायचंय,माझ्यासाठी पेन द्यायचे आहे
हा माझा गाव आहे.,हा माझा गाव आहे.,हा माझा गाव आहे,हा माझा गाव आहे
तु छान लिहितोस.,आपण छान लिहिता.,तु छान लिहितोस,आपण छान लिहिता
मला ते शिकायचंय.,मला ते शिकायचे आहे.,माझ्यासाठी ते शिकायचंय,माझ्यासाठी ते शिकायचे आहे
हा खूप मोठा आहे.,हा खूप मोठा आहे.,हा अत्यंत मोठा आहे,हा अत्यंत मोठा आहे
तु काय खरेदी केलंस?,आपण काय खरेदी केले?,तु काय आहे खरेदी केलंस,आपण काय आहे खरेदी केले
मला कपडे धुवायचेत.,मला कपडे धुवायचे आहेत.,माझ्यासाठी कपडे धुवायचेत,माझ्यासाठी कपडे धुवायचे आहेत
तु कुठे गेलास?,आपण कुठे गेला आहात?,तु कुठे गेलास,आपण कुठे गेला आहात
मला काही विचारायचंय.,मला काही विचारायचे आहे.,माझ्यासाठी काही विचारायचंय,माझ्यासाठी काही विचारायचे आहे
तु गेला होतास का?,आपण गेला होतात का?,तु गेला होतास का,आपण गेला होतात का
मला धावायचंय.,मला धावायचे आहे.,माझ्यासाठी धावायचंय,माझ्यासाठी धावायचे आहे
हा खूप सुंदर आहे.,हा खूप सुंदर आहे.,हा अत्यंत सुंदर आहे,हा अत्यंत सुंदर आहे
तु काय म्हणालास?,आपण काय म्हणालात?,तु काय आहे म्हणालास,आपण काय आहे म्हणालात
मला हे नको आहे.,मला हे नको आहे.,माझ्यासाठी हे नको आहे,माझ्यासाठी हे नको आहे
तु शिकलास का?,आपण शिकला आहात का?,तु शिकलास का,आपण शिकला आहात का
मला फिरायला जायचंय.,मला फिरायला जायचे आहे.,माझ्यासाठी फिरायला जायचंय,माझ्यासाठी फिरायला जायचे आहे
तु माझ्याशी भेटशील का?,आपण माझ्याशी भेटाल का?,तु माझ्याशी भेटशील का,आपण माझ्याशी भेटाल का
मला पत्र लिहायचंय.,मला पत्र लिहायचे आहे.,माझ्यासाठी पत्र लिहायचंय,माझ्यासाठी पत्र लिहायचे आहे
हा माझा मित्र आहे.,हा माझा मित्र आहे.,हा माझा मित्र आहे,हा माझा मित्र आहे
तु काय विचार करतोस?,आपण काय विचार करता?,तु काय आहे विचार करतोस,आपण काय आहे विचार करता
मला सत्य सांगायचंय.,मला सत्य सांगायचे आहे.,माझ्यासाठी सत्य सांगायचंय,माझ्यासाठी सत्य सांगायचे आहे
हा विषय अवघड आहे.,हा विषय अवघड आहे.,हा विषय अवघड आहे,हा विषय अवघड आहे
तु मला मदत करशील?,आपण मला मदत कराल का?,तु माझ्यासाठी मदत करशील,आपण माझ्यासाठी मदत कराल का
मला ते हवं आहे.,मला ते हवे आहे.,माझ्यासाठी ते हवं आहे,माझ्यासाठी ते हवे आहे
हा प्रोजेक्ट पूर्ण झाला का?,हा प्रकल्प पूर्ण झाला आहे का?,हा प्रोजेक्ट पूर्ण झाला का,हा प्रकल्प पूर्ण झाला आहे का
तु लवकर आलास का?,आपण लवकर आला आहात का?,तु लवकर आलास का,आपण लवकर आला आहात का
मला तुझ्याशी बोलायचंय.,मला आपल्याशी बोलायचे आहे.,माझ्यासाठी तुझ्याशी बोलायचंय,माझ्यासाठी आपल्याशी बोलायचे आहे
तु मला आठवतोस.,आपण मला आठवता.,तु माझ्यासाठी आठवतोस,आपण माझ्यासाठी आठवता
मला खूप त्रास होतोय.,मला खूप त्रास होत आहे.,माझ्यासाठी अत्यंत त्रास होतोय,माझ्यासाठी अत्यंत त्रास होत आहे
तु थकलास का?,आपण थकले आहात का?,तु थकलास का,आपण थकले आहात का
मला पाणी आणायचंय.,मला पाणी आणायचे आहे.,माझ्यासाठी पाणी आणायचंय,माझ्यासाठी पाणी आणायचे आहे
हा माझा आवडता गाणं आहे.,हा माझा आवडता गाणं आहे.,हा माझा आवडता गाणं आहे,हा माझा आवडता गाणं आहे
तु गातोस छान.,आपण छान गाता.,तु गातोस छान,आपण छान गाता
मला तुझी मदत हवी आहे.,मला आपली मदत हवी आहे.,माझ्यासाठी तुझी मदत हवी आहे,माझ्यासाठी आपली मदत हवी आहे
तु लवकर निघ.,कृपया आपण लवकर निघा.,तु लवकर निघ,कृपया आपण लवकर निघा
मला घरी जायचंय.,मला घरी जायचे आहे.,माझ्यासाठी घरी जायचंय,माझ्यासाठी घरी जायचे आहे
तु अभ्यास करतोस का?,आपण अभ्यास करता का?,तु अभ्यास करतोस का,आपण अभ्यास करता का
मला खूप आवडलं.,मला खूप आवडले आहे.,माझ्यासाठी अत्यंत आवडलं,माझ्यासाठी अत्यंत आवडले आहे
तु ऐकलंस का?,आपण ऐकले का?,तु ऐकलंस का,आपण ऐकले का
मला काही विचार करायचंय.,मला काही विचार करायचे आहे.,माझ्यासाठी काही विचार करायचंय,माझ्यासाठी काही विचार करायचे आहे
तु खुश दिसतोस.,आपण आनंदी दिसत आहात.,तु खुश दिसतोस,आपण आनंदी दिसत आहात
मला गाणं गायलंय.,मला गाणं गायचे आहे.,माझ्यासाठी गाणं गायलंय,माझ्यासाठी गाणं गायचे आहे
तु माझं ऐकशील का?,आपण माझं ऐकाल का?,तु माझं ऐकशील का,आपण माझं ऐकाल का
मला भेटायला ये.,कृपया मला भेटायला या.,माझ्यासाठी भेटायला ये,कृपया माझ्यासाठी भेटायला या
हा प्रश्न सोपा आहे.,हा प्रश्न सोपा आहे.,हा प्रश्न सोपा आहे,हा प्रश्न सोपा आहे
तु शिकतोस का?,आपण शिकत आहात का?,तु शिकतोस का,आपण शिकत आहात का
मला खूप उशीर झालाय.,मला खूप उशीर झाला आहे.,माझ्यासाठी अत्यंत उशीर झालाय,माझ्यासाठी अत्यंत उशीर झाला आहे
तु घरी आहेस का?,आपण घरी आहात का?,तु घरी आहेस का,आपण घरी आहात का
मला दूध प्यायचंय.,मला दूध प्यायचे आहे.,माझ्यासाठी दूध प्यायचंय,माझ्यासाठी दूध प्यायचे आहे
तु छान नाचतोस.,आपण छान नाचता.,तु छान नाचतोस,आपण छान नाचता
मला काही सांगायचंय.,मला काही सांगायचे आहे.,माझ्यासाठी काही सांगायचंय,माझ्यासाठी काही सांगायचे आहे
तु विचारलास का?,आपण विचारले का?,तु विचारलास का,आपण विचारले का
मला काही लिहायचंय.,मला काही लिहायचे आहे.,माझ्यासाठी काही लिहायचंय,माझ्यासाठी काही लिहायचे आहे
तु माझा मित्र आहेस.,आपण माझे मित्र आहात.,तु माझा मित्र आहेस,आपण माझे मित्र आहात
मला फोटो काढायचंय.,मला फोटो काढायचे आहे.,माझ्यासाठी फोटो काढायचंय,माझ्यासाठी फोटो काढायचे आहे
तु फोन केला का?,आपण फोन केला का?,तु फोन केला का,आपण फोन केला का
मला गाडी चालवायचीय.,मला गाडी चालवायची आहे.,माझ्यासाठी गाडी चालवायचीय,माझ्यासाठी गाडी चालवायची आहे
तु आजारी आहेस का?,आपण आजारी आहात का?,तु आजारी आहेस का,आपण आजारी आहात का
मला आराम करायचंय.,मला आराम करायचे आहे.,माझ्यासाठी आराम करायचंय,माझ्यासाठी आराम करायचे आहे
तु बघितलंस का?,आपण पाहिले का?,तु बघितलंस का,आपण पाहिले का
मला पुस्तक वाचायचंय.,मला पुस्तक वाचायचे आहे.,माझ्यासाठी पुस्तक वाचायचंय,माझ्यासाठी पुस्तक वाचायचे आहे
तु वेळेत आलास का?,आपण वेळेत आला आहात का?,तु वेळेत आलास का,आपण वेळेत आला आहात का
मला गप्पा मारायच्यात.,मला गप्पा मारायच्या आहेत.,माझ्यासाठी गप्पा मारायच्यात,माझ्यासाठी गप्पा मारायच्या आहेत
तु मला ओळखतोस का?,आपण मला ओळखता का?,तु माझ्यासाठी ओळखतोस का,आपण माझ्यासाठी ओळखता का
मला जेवायला जायचंय.,मला जेवायला जायचे आहे.,माझ्यासाठी जेवायला जायचंय,माझ्यासाठी जेवायला जायचे आहे
तु आज आला का?,आपण आज आला आहात का?,तु आज आला का,आपण आज आला आहात का
मला कपडे घालायचेत.,मला कपडे घालायचे आहेत.,माझ्यासाठी कपडे घालायचेत,माझ्यासाठी कपडे घालायचे आहेत
तु कधी परत येणार?,आपण कधी परत येणार आहात?,तु कधी परत येणार,आपण कधी परत येणार आहात
मला हे सोडवायचंय.,मला हे सोडवायचे आहे.,माझ्यासाठी हे सोडवायचंय,माझ्यासाठी हे सोडवायचे आहे
तु ऐकलंस का?,आपण ऐकले का?,तु ऐकलंस का,आपण ऐकले का
मला ते करायचंय.,मला ते करायचे आहे.,माझ्यासाठी ते करायचंय,माझ्यासाठी ते करायचे आहे
तु काय शिकतोस?,आपण काय शिकता?,तु काय आहे शिकतोस,आपण काय आहे शिकता
मला उत्तर द्यायचंय.,मला उत्तर द्यायचे आहे.,माझ्यासाठी उत्तर द्यायचंय,माझ्यासाठी उत्तर द्यायचे आहे
तु माझ्यासोबत आलास का?,आपण माझ्यासोबत आला आहात का?,तु माझ्यासोबत आलास का,आपण माझ्यासोबत आला आहात का
मला गाडी विकत घ्यायचीय.,मला गाडी विकत घ्यायची आहे.,माझ्यासाठी गाडी विकत घ्यायचीय,माझ्यासाठी गाडी विकत घ्यायची आहे
तु मला मदत केलीस का?,आपण मला मदत केली का?,तु माझ्यासाठी मदत केलीस का,आपण माझ्यासाठी मदत केली का
मला काही करायचंय.,मला काही करायचे आहे.,माझ्यासाठी काही करायचंय,माझ्यासाठी काही करायचे आहे
तु खूप गोड दिसतोस.,आपण खूप गोड दिसत आहात.,तु अत्यंत गोड दिसतोस,आपण अत्यंत गोड दिसत आहात
मला शांत बसायचंय.,मला शांत बसायचे आहे.,माझ्यासाठी शांत बसायचंय,माझ्यासाठी शांत बसायचे आहे
तु अजून काम केलंस का?,आपण अजून काम केले का?,तु अजून काम केलंस का,आपण अजून काम केले का
मला चहा प्यायचाय.,मला चहा प्यायचा आहे.,माझ्यासाठी चहा प्यायचाय,माझ्यासाठी चहा प्यायचा आहे
तु खुश आहेस.,आपण आनंदी आहात.,तु खुश आहेस,आपण आनंदी आहात
मला झोप काढायचीय.,मला झोप काढायची आहे.,माझ्यासाठी झोप काढायचीय,माझ्यासाठी झोप काढायची आहे
तु अभ्यास केला का?,आपण अभ्यास केला का?,तु अभ्यास केला का,आपण अभ्यास केला का
मला आज बाजारात जायचंय.,मला आज बाजारात जायचे आहे.,माझ्यासाठी आज बाजारात जायचंय,माझ्यासाठी आज बाजारात जायचे आहे
तु कपडे आणलेस का?,आपण कपडे आणले का?,तु कपडे आणलेस का,आपण कपडे आणले का
मला मोबाईल घ्यायचाय.,मला मोबाईल घ्यायचा आहे.,माझ्यासाठी मोबाईल घ्यायचाय,माझ्यासाठी मोबाईल घ्यायचा आहे
तु अजून इथे आहेस का?,आपण अजून येथे आहात का?,तु अजून इथे आहेस का,आपण अजून येथे आहात का
मला फोन करायचाय.,मला फोन करायचा आहे.,माझ्यासाठी फोन करायचाय,माझ्यासाठी फोन करायचा आहे
तु मोकळा आहेस का?,आपण मोकळे आहात का?,तु मोकळा आहेस का,आपण मोकळे आहात का
मला खिडकी उघडायचीय.,मला खिडकी उघडायची आहे.,माझ्यासाठी खिडकी उघडायचीय,माझ्यासाठी खिडकी उघडायची आहे
तु माझ्यासोबत आलास?,आपण माझ्यासोबत आला आहात का?,तु माझ्यासोबत आलास,आपण माझ्यासोबत आला आहात का
मला काम करायचंय.,मला काम करायचे आहे.,माझ्यासाठी काम करायचंय,माझ्यासाठी काम करायचे आहे
तु मला समजावशील का?,आपण मला समजावून सांगाल का?,तु माझ्यासाठी समजावशील का,आपण माझ्यासाठी समजावून सांगाल का
मला काही आठवत नाही.,मला काही आठवत नाही आहे.,माझ्यासाठी काही आठवत नाही,माझ्यासाठी काही आठवत नाही आहे
तु माझं बोलणं ऐकलंस का?,आपण माझं बोलणं ऐकले का?,तु माझं बोलणं ऐकलंस का,आपण माझं बोलणं ऐकले का
मला जेवण बनवायचंय.,मला जेवण बनवायचे आहे.,माझ्यासाठी जेवण बनवायचंय,माझ्यासाठी जेवण बनवायचे आहे
तु अजून बोललास का?,आपण अजून बोललात का?,तु अजून बोललास का,आपण अजून बोललात का
मला पेन विकत घ्यायचंय.,मला पेन विकत घ्यायचे आहे.,माझ्यासाठी पेन विकत घ्यायचंय,माझ्यासाठी पेन विकत घ्यायचे आहे
तु अजून बाहेर गेलास का?,आपण अजून बाहेर गेला आहात का?,तु अजून बाहेर गेलास का,आपण अजून बाहेर गेला आहात का
मला खोली स्वच्छ करायचीय.,मला खोली स्वच्छ करायची आहे.,माझ्यासाठी खोली स्वच्छ करायचीय,माझ्यासाठी खोली स्वच्छ करायची आहे
तु अजून परत आलास का?,आपण अजून परत आला आहात का?,तु अजून परत आलास का,आपण अजून परत आला आहात का
मला काही वाचायचंय.,मला काही वाचायचे आहे.,माझ्यासाठी काही वाचायचंय,माझ्यासाठी काही वाचायचे आहे
तु खूप खुश आहेस.,आपण खूप आनंदी आहात.,तु अत्यंत खुश आहेस,आपण अत्यंत आनंदी आहात
मला हे नकोय.,मला हे नको आहे.,माझ्यासाठी हे नकोय,माझ्यासाठी हे नको आहे
तु माझ्यासोबत आलास?,आपण माझ्यासोबत आला आहात का?,तु माझ्यासोबत आलास,आपण माझ्यासोबत आला आहात का
मला बाजारात जायचंय.,मला बाजारात जायचे आहे.,माझ्यासाठी बाजारात जायचंय,माझ्यासाठी बाजारात जायचे आहे
तु माझं ऐकलंस का?,आपण माझं ऐकले का?,तु माझं ऐकलंस का,आपण माझं ऐकले का
मला गाणं ऐकायचंय.,मला गाणं ऐकायचे आहे.,माझ्यासाठी गाणं ऐकायचंय,माझ्यासाठी गाणं ऐकायचे आहे
तु अजून थांबलास का?,आपण अजून थांबलात का?,तु अजून थांबलास का,आपण अजून थांबलात का
मला पत्र लिहायचंय.,मला पत्र लिहायचे आहे.,माझ्यासाठी पत्र लिहायचंय,माझ्यासाठी पत्र लिहायचे आहे
तु अजून तयार झाला नाहीस.,आपण अजून तयार झाले नाही आहात.,तु अजून तयार झाला नाहीस,आपण अजून तयार झाले नाही आहात
मला खूप अभ्यास करायचाय.,मला खूप अभ्यास करायचा आहे.,माझ्यासाठी अत्यंत अभ्यास करायचाय,माझ्यासाठी अत्यंत अभ्यास करायचा आहे
तु माझा आवाज ऐकतोस का?,आपण माझा आवाज ऐकत आहात का?,तु माझा आवाज ऐकतोस का,आपण माझा आवाज ऐकत आहात का
मला उद्या येायचंय.,मला उद्या यायचे आहे.,माझ्यासाठी उद्या येायचंय,माझ्यासाठी उद्या यायचे आहे
तु मला ओळखलंस का?,आपण मला ओळखले का?,तु माझ्यासाठी ओळखलंस का,आपण माझ्यासाठी ओळखले का
मला हे वापरायचंय.,मला हे वापरायचे आहे.,माझ्यासाठी हे वापरायचंय,माझ्यासाठी हे वापरायचे आहे
तु काय खाल्लंस?,आपण काय खाल्ले?,तु काय आहे खाल्लंस,आपण काय आहे खाल्ले
मला विश्रांती हवी आहे.,मला विश्रांती हवी आहे.,माझ्यासाठी विश्रांती हवी आहे,माझ्यासाठी विश्रांती हवी आहे
तु माझ्यासोबत ये.,कृपया माझ्यासोबत या.,तु माझ्यासोबत ये,कृपया माझ्यासोबत या
मला खेळायला जायचंय.,मला खेळायला जायचे आहे.,माझ्यासाठी खेळायला जायचंय,माझ्यासाठी खेळायला जायचे आहे
तु कधी आलास?,आपण कधी आला आहात?,तु कधी आलास,आपण कधी आला आहात
मला अभ्यास करायचाय.,मला अभ्यास करायचा आहे.,माझ्यासाठी अभ्यास करायचाय,माझ्यासाठी अभ्यास करायचा आहे
तु माझ्याशी भेटलास का?,आपण माझ्याशी भेटलात का?,तु माझ्याशी भेटलास का,आपण माझ्याशी भेटलात का
मला गाणं म्हणायचंय.,मला गाणं म्हणायचे आहे.,माझ्यासाठी गाणं म्हणायचंय,माझ्यासाठी गाणं म्हणायचे आहे
तु काय विचारतोस?,आपण काय विचारता?,तु काय आहे विचारतोस,आपण काय आहे विचारता
मला बोलायला आवडेल.,मला बोलायला आवडेल.,माझ्यासाठी बोलायला आवडेल,माझ्यासाठी बोलायला आवडेल
तु आनंदी आहेस का?,आपण आनंदी आहात का?,तु आनंदी आहेस का,आपण आनंदी आहात का
मला काम पूर्ण करायचंय.,मला काम पूर्ण करायचे आहे.,माझ्यासाठी काम पूर्ण करायचंय,माझ्यासाठी काम पूर्ण करायचे आहे
तु माझ्याशी बोललास का?,आपण माझ्याशी बोललात का?,तु माझ्याशी बोललास का,आपण माझ्याशी बोललात का
मला भटकायला जायचंय.,मला भटकायला जायचे आहे.,माझ्यासाठी भटकायला जायचंय,माझ्यासाठी भटकायला जायचे आहे
informal,formal,informal,formal
तु अजून झोपलास का?,आपण अजून झोपलात का?,तु अजून झोपलास का,आपण अजून झोपलात का
मला दुध प्यायचंय.,मला दुध प्यायचे आहे.,माझ्यासाठी दुध प्यायचंय,माझ्यासाठी दुध प्यायचे आहे
तु किती वाजता आलास?,आपण किती वाजता आला आहात?,तु किती वाजता आलास,आपण किती वाजता आला आहात
मला संध्याकाळी यायचंय.,मला संध्याकाळी यायचे आहे.,माझ्यासाठी संध्याकाळी यायचंय,माझ्यासाठी संध्याकाळी यायचे आहे
तु खूप मोठा झालास.,आपण खूप मोठे झाला आहात.,तु अत्यंत मोठा झालास,आपण अत्यंत मोठे झाला आहात
मला उद्या भेटायचंय.,मला उद्या भेटायचे आहे.,माझ्यासाठी उद्या भेटायचंय,माझ्यासाठी उद्या भेटायचे आहे
तु खेळतोस का?,आपण खेळता का?,तु खेळतोस का,आपण खेळता का
मला आज लवकर झोपायचंय.,मला आज लवकर झोपायचे आहे.,माझ्यासाठी आज लवकर झोपायचंय,माझ्यासाठी आज लवकर झोपायचे आहे
तु शाळेत गेला का?,आपण शाळेत गेला आहात का?,तु शाळेत गेला का,आपण शाळेत गेला आहात का
मला घरी थांबायचंय.,मला घरी थांबायचे आहे.,माझ्यासाठी घरी थांबायचंय,माझ्यासाठी घरी थांबायचे आहे
तु खूप हुशार आहेस.,आपण खूप हुशार आहात.,तु अत्यंत हुशार आहेस,आपण अत्यंत हुशार आहात
मला वेळ द्यायचाय.,मला वेळ द्यायचा आहे.,माझ्यासाठी वेळ द्यायचाय,माझ्यासाठी वेळ द्यायचा आहे
तु अभ्यास करतोस?,आपण अभ्यास करता का?,तु अभ्यास करतोस,आपण अभ्यास करता का
मला अजून थांबायचंय.,मला अजून थांबायचे आहे.,माझ्यासाठी अजून थांबायचंय,माझ्यासाठी अजून थांबायचे आहे
तु माझं पुस्तक आणलंस का?,आपण माझं पुस्तक आणले का?,तु माझं पुस्तक आणलंस का,आपण माझं पुस्तक आणले का
मला शांत व्हायचंय.,मला शांत व्हायचे आहे.,माझ्यासाठी शांत व्हायचंय,माझ्यासाठी शांत व्हायचे आहे
तु माझ्यासोबत आला?,आपण माझ्यासोबत आला आहात का?,तु माझ्यासोबत आला,आपण माझ्यासोबत आला आहात का
मला खूप झोपायचंय.,मला खूप झोपायचे आहे.,माझ्यासाठी अत्यंत झोपायचंय,माझ्यासाठी अत्यंत झोपायचे आहे
तु अजून जेवलास का?,आपण अजून जेवले आहात का?,तु अजून जेवलास का,आपण अजून जेवले आहात का
मला माझं काम करायचंय.,मला माझं काम करायचे आहे.,माझ्यासाठी माझं काम करायचंय,माझ्यासाठी माझं काम करायचे आहे
तु माझ्याशी बोलतोस का?,आपण माझ्याशी बोलता का?,तु माझ्याशी बोलतोस का,आपण माझ्याशी बोलता का
मला ते समजलं नाही.,मला ते समजले नाही आहे.,माझ्यासाठी ते समजलं नाही,माझ्यासाठी ते समजले नाही आहे
तु अजून घरी आलास का?,आपण अजून घरी आला आहात का?,तु अजून घरी आलास का,आपण अजून घरी आला आहात का
मला काही वेळ हवा आहे.,मला काही वेळ हवा आहे.,माझ्यासाठी काही वेळ हवा आहे,माझ्यासाठी काही वेळ हवा आहे
तु माझ्यासोबत आलास का?,आपण माझ्यासोबत आला आहात का?,तु माझ्यासोबत आलास का,आपण माझ्यासोबत आला आहात का
मला उद्या बाजारात जायचंय.,मला उद्या बाजारात जायचे आहे.,माझ्यासाठी उद्या बाजारात जायचंय,माझ्यासाठी उद्या बाजारात जायचे आहे
तु अजून अभ्यास केला का?,आपण अजून अभ्यास केला का?,तु अजून अभ्यास केला का,आपण अजून अभ्यास केला का
मला आज भेटायचंय.,मला आज भेटायचे आहे.,माझ्यासाठी आज भेटायचंय,माझ्यासाठी आज भेटायचे आहे
तु खूप छान दिसतोस.,आपण खूप छान दिसत आहात.,तु अत्यंत छान दिसतोस,आपण अत्यंत छान दिसत आहात
मला उद्या सुट्टी आहे.,मला उद्या सुट्टी आहे.,माझ्यासाठी उद्या सुट्टी आहे,माझ्यासाठी उद्या सुट्टी आहे
तु अजून काम पूर्ण केलंस का?,आपण अजून काम पूर्ण केले का?,तु अजून काम पूर्ण केलंस का,आपण अजून काम पूर्ण केले का
मला हे शिकायचंय.,मला हे शिकायचे आहे.,माझ्यासाठी हे शिकायचंय,माझ्यासाठी हे शिकायचे आहे
तु अजून भेटलास का?,आपण अजून भेटलात का?,तु अजून भेटलास का,आपण अजून भेटलात का
मला नवीन मित्र बनवायचेत.,मला नवीन मित्र बनवायचे आहेत.,माझ्यासाठी नवीन मित्र बनवायचेत,माझ्यासाठी नवीन मित्र बनवायचे आहेत
तु काय शोधतोस?,आपण काय शोधत आहात?,तु काय आहे शोधतोस,आपण काय आहे शोधत आहात
मला खेळ बघायचाय.,मला खेळ बघायचा आहे.,माझ्यासाठी खेळ बघायचाय,माझ्यासाठी खेळ बघायचा आहे
तु माझ्यासोबत राहशील का?,आपण माझ्यासोबत राहाल का?,तु माझ्यासोबत राहशील का,आपण माझ्यासोबत राहाल का
मला खोली साफ करायचीय.,मला खोली साफ करायची आहे.,माझ्यासाठी खोली साफ करायचीय,माझ्यासाठी खोली साफ करायची आहे
तु माझं ऐकतोस का?,आपण माझं ऐकत आहात का?,तु माझं ऐकतोस का,आपण माझं ऐकत आहात का
मला नोकरी शोधायचीय.,मला नोकरी शोधायची आहे.,माझ्यासाठी नोकरी शोधायचीय,माझ्यासाठी नोकरी शोधायची आहे
तु अजून निघाला नाहीस का?,आपण अजून निघाले नाही आहात का?,तु अजून निघाला नाहीस का,आपण अजून निघाले नाही आहात का
मला झाड लावायचंय.,मला झाड लावायचे आहे.,माझ्यासाठी झाड लावायचंय,माझ्यासाठी झाड लावायचे आहे
तु काय खरेदी करतोस?,आपण काय खरेदी करता?,तु काय आहे खरेदी करतोस,आपण काय आहे खरेदी करता
मला चहा करायचाय.,मला चहा करायचा आहे.,माझ्यासाठी चहा करायचाय,माझ्यासाठी चहा करायचा आहे
तु माझ्याशी गप्पा मारशील का?,आपण माझ्याशी गप्पा माराल का?,तु माझ्याशी गप्पा मारशील का,आपण माझ्याशी गप्पा माराल का
मला हे वाचायचंय.,मला हे वाचायचे आहे.,माझ्यासाठी हे वाचायचंय,माझ्यासाठी हे वाचायचे आहे
तु माझं ऐकलंस का?,आपण माझं ऐकले का?,तु माझं ऐकलंस का,आपण माझं ऐकले का
मला बघायला जायचंय.,मला बघायला जायचे आहे.,माझ्यासाठी बघायला जायचंय,माझ्यासाठी बघायला जायचे आहे
तु अजून काम केलं नाहीस का?,आपण अजून काम केले नाही आहात का?,तु अजून काम केलं नाहीस का,आपण अजून काम केले नाही आहात का
मला घर साफ करायचंय.,मला घर साफ करायचे आहे.,माझ्यासाठी घर साफ करायचंय,माझ्यासाठी घर साफ करायचे आहे
तु अजून बाहेर आलास का?,आपण अजून बाहेर आला आहात का?,तु अजून बाहेर आलास का,आपण अजून बाहेर आला आहात का
मला उद्या अभ्यास करायचाय.,मला उद्या अभ्यास करायचा आहे.,माझ्यासाठी उद्या अभ्यास करायचाय,माझ्यासाठी उद्या अभ्यास करायचा आहे
तु माझ्यासोबत जेवशील का?,आपण माझ्यासोबत जेवाल का?,तु माझ्यासोबत जेवशील का,आपण माझ्यासोबत जेवाल का
मला काही खरेदी करायचीय.,मला काही खरेदी करायची आहे.,माझ्यासाठी काही खरेदी करायचीय,माझ्यासाठी काही खरेदी करायची आहे
तु मला समजावलं का?,आपण मला समजावले का?,तु माझ्यासाठी समजावलं का,आपण माझ्यासाठी समजावले का
मला हे समजून घ्यायचंय.,मला हे समजून घ्यायचे आहे.,माझ्यासाठी हे समजून घ्यायचंय,माझ्यासाठी हे समजून घ्यायचे आहे
तु अजून परत आला का?,आपण अजून परत आला आहात का?,तु अजून परत आला का,आपण अजून परत आला आहात का
मला पत्र टाकायचंय.,मला पत्र टाकायचे आहे.,माझ्यासाठी पत्र टाकायचंय,माझ्यासाठी पत्र टाकायचे आहे
तु माझ्याशी बोललास?,आपण माझ्याशी बोललात का?,तु माझ्याशी बोललास,आपण माझ्याशी बोललात का
मला बस पकडायचीय.,मला बस पकडायची आहे.,माझ्यासाठी बस पकडायचीय,माझ्यासाठी बस पकडायची आहे
तु अजून शिकतोस का?,आपण अजून शिकत आहात का?,तु अजून शिकतोस का,आपण अजून शिकत आहात का
मला चित्रपट बघायचाय.,मला चित्रपट बघायचा आहे.,माझ्यासाठी चित्रपट बघायचाय,माझ्यासाठी चित्रपट बघायचा आहे
तु अजून वेळ दिला का?,आपण अजून वेळ दिला का?,तु अजून वेळ दिला का,आपण अजून वेळ दिला का
मला त्याच्याशी बोलायचंय.,मला त्याच्याशी बोलायचे आहे.,माझ्यासाठी त्याच्याशी बोलायचंय,माझ्यासाठी त्याच्याशी बोलायचे आहे
तु अजून जेवलास का?,आपण अजून जेवले आहात का?,तु अजून जेवलास का,आपण अजून जेवले आहात का
मला उद्या निघायचंय.,मला उद्या निघायचे आहे.,माझ्यासाठी उद्या निघायचंय,माझ्यासाठी उद्या निघायचे आहे
तु काय करतो आहेस?,आपण काय करत आहात?,तु काय आहे करतो आहेस,आपण काय आहे करत आहात
मला घड्याळ विकत घ्यायचंय.,मला घड्याळ विकत घ्यायचे आहे.,माझ्यासाठी घड्याळ विकत घ्यायचंय,माझ्यासाठी घड्याळ विकत घ्यायचे आहे
तु अजून तयार आहेस का?,आपण अजून तयार आहात का?,तु अजून तयार आहेस का,आपण अजून तयार आहात का
मला उद्या भेट द्यायचीय.,मला उद्या भेट द्यायची आहे.,माझ्यासाठी उद्या भेट द्यायचीय,माझ्यासाठी उद्या भेट द्यायची आहे
तु अजून परत आला नाहीस का?,आपण अजून परत आले नाही आहात का?,तु अजून परत आला नाहीस का,आपण अजून परत आले नाही आहात का
मला चांगलं लिहायचंय.,मला चांगलं लिहायचे आहे.,माझ्यासाठी चांगलं लिहायचंय,माझ्यासाठी चांगलं लिहायचे आहे
तु अजून निघाला का?,आपण अजून निघाले आहात का?,तु अजून निघाला का,आपण अजून निघाले आहात का
मला खेळायला जायचंय.,मला खेळायला जायचे आहे.,माझ्यासाठी खेळायला जायचंय,माझ्यासाठी खेळायला जायचे आहे
तु अजून फोन केला का?,आपण अजून फोन केला का?,तु अजून फोन केला का,आपण अजून फोन केला का
मला गाणं शिकायचंय.,मला गाणं शिकायचे आहे.,माझ्यासाठी गाणं शिकायचंय,माझ्यासाठी गाणं शिकायचे आहे
तु अजून मित्र भेटलास का?,आपण अजून मित्र भेटलात का?,तु अजून मित्र भेटलास का,आपण अजून मित्र भेटलात का
मला खोली सजवायचीय.,मला खोली सजवायची आहे.,माझ्यासाठी खोली सजवायचीय,माझ्यासाठी खोली सजवायची आहे
तु अजून शिकलास का?,आपण अजून शिकलात का?,तु अजून शिकलास का,आपण अजून शिकलात का
मला मित्र भेटायचाय.,मला मित्र भेटायचा आहे.,माझ्यासाठी मित्र भेटायचाय,माझ्यासाठी मित्र भेटायचा आहे
तु अजून वाचलंस का?,आपण अजून वाचले का?,तु अजून वाचलंस का,आपण अजून वाचले का
मला उद्या विश्रांती घ्यायचीय.,मला उद्या विश्रांती घ्यायची आहे.,माझ्यासाठी उद्या विश्रांती घ्यायचीय,माझ्यासाठी उद्या विश्रांती घ्यायची आहे
तु अजून ऐकलंस का?,आपण अजून ऐकले का?,तु अजून ऐकलंस का,आपण अजून ऐकले का
मला बाजार करायचाय.,मला बाजार करायचा आहे.,माझ्यासाठी बाजार करायचाय,माझ्यासाठी बाजार करायचा आहे
तु अजून गेला नाहीस?,आपण अजून गेले नाही आहात का?,तु अजून गेला नाहीस,आपण अजून गेले नाही आहात का
मला मोबाईल वापरायचाय.,मला मोबाईल वापरायचा आहे.,माझ्यासाठी मोबाईल वापरायचाय,माझ्यासाठी मोबाईल वापरायचा आहे
तु अजून गातोस का?,आपण अजून गाता का?,तु अजून गातोस का,आपण अजून गाता का
मला आज सुट्टी घ्यायचीय.,मला आज सुट्टी घ्यायची आहे.,माझ्यासाठी आज सुट्टी घ्यायचीय,माझ्यासाठी आज सुट्टी घ्यायची आहे
तु अजून खेळतोस का?,आपण अजून खेळता का?,तु अजून खेळतोस का,आपण अजून खेळता का
मला लवकर निघायचंय.,मला लवकर निघायचे आहे.,माझ्यासाठी लवकर निघायचंय,माझ्यासाठी लवकर निघायचे आहे
तु अजून पत्र दिलंस का?,आपण अजून पत्र दिले का?,तु अजून पत्र दिलंस का,आपण अजून पत्र दिले का
मला खूप झोपायचंय.,मला खूप झोपायचे आहे.,माझ्यासाठी अत्यंत झोपायचंय,माझ्यासाठी अत्यंत झोपायचे आहे
तु अजून काही खाल्लंस का?,आपण अजून काही खाल्ले का?,तु अजून काही खाल्लंस का,आपण अजून काही खाल्ले का
मला हे समजून घ्यायचंय.,मला हे समजून घ्यायचे आहे.,माझ्यासाठी हे समजून घ्यायचंय,माझ्यासाठी हे समजून घ्यायचे आहे
informal_sentence	formal_sentence,,informal sentence formal sentence,nan
जेवलास  रे?	आपण जेवण केले आहे का?,,जेवलास महोदय आपण जेवण केले आहे का,nan
मदत करशील ?	आपण मला मदत करू शकता का?,,मदत करशील आपण माझ्यासाठी मदत करू शकता का,nan
कुठं जातोयस?	आपण कुठे जात आहात?,,कुठं जातोयस आपण कुठे जात आहात,nan
मदत करशील ?	आपण मला मदत करू शकता का?,,मदत करशील आपण माझ्यासाठी मदत करू शकता का,nan
उद्या येशील ?	आपण उद्या येणार आहात का?,,उद्या येशील आपण उद्या येणार आहात का,nan
कुठं जातोयस?	आपण कुठे जात आहात?,,कुठं जातोयस आपण कुठे जात आहात,nan
कुठं जातोयस रे?	आपण कुठे जात आहात?,,कुठं जातोयस महोदय आपण कुठे जात आहात,nan
जेवलास  रे?	आपण जेवण केले आहे का?,,जेवलास महोदय आपण जेवण केले आहे का,nan
घरी जातोयस ?	आपण घरी जात आहात का?,,घरी जातोयस आपण घरी जात आहात का,nan
कसा आहेस?	आपण कसे आहात?,,कसा आहेस आपण कसे आहात,nan
बसमध्ये बसलास ?	आपण बसमध्ये बसलेले आहात का?,,बसमध्ये बसलास आपण बसमध्ये बसलेले आहात का,nan
जेवलास ?	आपण जेवण केले आहे का?,,जेवलास आपण जेवण केले आहे का,nan
कसा आहेस रे?	आपण कसे आहात?,,कसा आहेस महोदय आपण कसे आहात,nan
कुठं जातोयस?	आपण कुठे जात आहात?,,कुठं जातोयस आपण कुठे जात आहात,nan
अभ्यास करतोयस  रे?	आपण अभ्यास करत आहात का?,,अभ्यास करतोयस महोदय आपण अभ्यास करत आहात का,nan
बसमध्ये बसलास  रे?	आपण बसमध्ये बसलेले आहात का?,,बसमध्ये बसलास महोदय आपण बसमध्ये बसलेले आहात का,nan
अभ्यास करतोयस  रे?	आपण अभ्यास करत आहात का?,,अभ्यास करतोयस महोदय आपण अभ्यास करत आहात का,nan
जेवलास  रे?	आपण जेवण केले आहे का?,,जेवलास महोदय आपण जेवण केले आहे का,nan
कुठं जातोयस?	आपण कुठे जात आहात?,,कुठं जातोयस आपण कुठे जात आहात,nan
उद्या येशील ?	आपण उद्या येणार आहात का?,,उद्या येशील आपण उद्या येणार आहात का,nan
अभ्यास करतोयस ?	आपण अभ्यास करत आहात का?,,अभ्यास करतोयस आपण अभ्यास करत आहात का,nan
बसमध्ये बसलास ?	आपण बसमध्ये बसलेले आहात का?,,बसमध्ये बसलास आपण बसमध्ये बसलेले आहात का,nan
घरी जातोयस ?	आपण घरी जात आहात का?,,घरी जातोयस आपण घरी जात आहात का,nan
काय करतोयस?	आपण काय करत आहात?,,काय आहे करतोयस आपण काय आहे करत आहात,nan
उद्या येशील ?	आपण उद्या येणार आहात का?,,उद्या येशील आपण उद्या येणार आहात का,nan
उद्या येशील ?	आपण उद्या येणार आहात का?,,उद्या येशील आपण उद्या येणार आहात का,nan
अभ्यास करतोयस ?	आपण अभ्यास करत आहात का?,,अभ्यास करतोयस आपण अभ्यास करत आहात का,nan
कसा आहेस?	आपण कसे आहात?,,कसा आहेस आपण कसे आहात,nan
काय करतोयस?	आपण काय करत आहात?,,काय आहे करतोयस आपण काय आहे करत आहात,nan
घरी जातोयस ?	आपण घरी जात आहात का?,,घरी जातोयस आपण घरी जात आहात का,nan
कुठं जातोयस?	आपण कुठे जात आहात?,,कुठं जातोयस आपण कुठे जात आहात,nan
काय करतोयस रे?	आपण काय करत आहात?,,काय आहे करतोयस महोदय आपण काय आहे करत आहात,nan
बसमध्ये बसलास  रे?	आपण बसमध्ये बसलेले आहात का?,,बसमध्ये बसलास महोदय आपण बसमध्ये बसलेले आहात का,nan
सोबत येशील ?	आपण माझ्यासोबत याल का?,,सोबत येशील आपण माझ्यासोबत याल का,nan
काय करतोयस?	आपण काय करत आहात?,,काय आहे करतोयस आपण काय आहे करत आहात,nan
उद्या येशील ?	आपण उद्या येणार आहात का?,,उद्या येशील आपण उद्या येणार आहात का,nan
बसमध्ये बसलास  रे?	आपण बसमध्ये बसलेले आहात का?,,बसमध्ये बसलास महोदय आपण बसमध्ये बसलेले आहात का,nan
सोबत येशील  रे?	आपण माझ्यासोबत याल का?,,सोबत येशील महोदय आपण माझ्यासोबत याल का,nan
सोबत येशील ?	आपण माझ्यासोबत याल का?,,सोबत येशील आपण माझ्यासोबत याल का,nan
कुठं जातोयस?	आपण कुठे जात आहात?,,कुठं जातोयस आपण कुठे जात आहात,nan
जेवलास ?	आपण जेवण केले आहे का?,,जेवलास आपण जेवण केले आहे का,nan
जेवलास ?	आपण जेवण केले आहे का?,,जेवलास आपण जेवण केले आहे का,nan
अभ्यास करतोयस  रे?	आपण अभ्यास करत आहात का?,,अभ्यास करतोयस महोदय आपण अभ्यास करत आहात का,nan
कुठं जातोयस रे?	आपण कुठे जात आहात?,,कुठं जातोयस महोदय आपण कुठे जात आहात,nan
काय करतोयस रे?	आपण काय करत आहात?,,काय आहे करतोयस महोदय आपण काय आहे करत आहात,nan
मदत करशील ?	आपण मला मदत करू शकता का?,,मदत करशील आपण माझ्यासाठी मदत करू शकता का,nan
जेवलास  रे?	आपण जेवण केले आहे का?,,जेवलास महोदय आपण जेवण केले आहे का,nan
अभ्यास करतोयस ?	आपण अभ्यास करत आहात का?,,अभ्यास करतोयस आपण अभ्यास करत आहात का,nan
उद्या येशील  रे?	आपण उद्या येणार आहात का?,,उद्या येशील महोदय आपण उद्या येणार आहात का,nan
कसा आहेस?	आपण कसे आहात?,,कसा आहेस आपण कसे आहात,nan
अभ्यास करतोयस  रे?	आपण अभ्यास करत आहात का?,,अभ्यास करतोयस महोदय आपण अभ्यास करत आहात का,nan
सोबत येशील  रे?	आपण माझ्यासोबत याल का?,,सोबत येशील महोदय आपण माझ्यासोबत याल का,nan
जेवलास ?	आपण जेवण केले आहे का?,,जेवलास आपण जेवण केले आहे का,nan
काय करतोयस रे?	आपण काय करत आहात?,,काय आहे करतोयस महोदय आपण काय आहे करत आहात,nan
मदत करशील ?	आपण मला मदत करू शकता का?,,मदत करशील आपण माझ्यासाठी मदत करू शकता का,nan
कुठं जातोयस?	आपण कुठे जात आहात?,,कुठं जातोयस आपण कुठे जात आहात,nan
उद्या येशील ?	आपण उद्या येणार आहात का?,,उद्या येशील आपण उद्या येणार आहात का,nan
घरी जातोयस ?	आपण घरी जात आहात का?,,घरी जातोयस आपण घरी जात आहात का,nan
बसमध्ये बसलास  रे?	आपण बसमध्ये बसलेले आहात का?,,बसमध्ये बसलास महोदय आपण बसमध्ये बसलेले आहात का,nan
उद्या येशील ?	आपण उद्या येणार आहात का?,,उद्या येशील आपण उद्या येणार आहात का,nan
बसमध्ये बसलास ?	आपण बसमध्ये बसलेले आहात का?,,बसमध्ये बसलास आपण बसमध्ये बसलेले आहात का,nan
कुठं जातोयस?	आपण कुठे जात आहात?,,कुठं जातोयस आपण कुठे जात आहात,nan
काय करतोयस?	आपण काय करत आहात?,,काय आहे करतोयस आपण काय आहे करत आहात,nan
अभ्यास करतोयस ?	आपण अभ्यास करत आहात का?,,अभ्यास करतोयस आपण अभ्यास करत आहात का,nan
बसमध्ये बसलास  रे?	आपण बसमध्ये बसलेले आहात का?,,बसमध्ये बसलास महोदय आपण बसमध्ये बसलेले आहात का,nan
अभ्यास करतोयस ?	आपण अभ्यास करत आहात का?,,अभ्यास करतोयस आपण अभ्यास करत आहात का,nan
उद्या येशील  रे?	आपण उद्या येणार आहात का?,,उद्या येशील महोदय आपण उद्या येणार आहात का,nan
कुठं जातोयस रे?	आपण कुठे जात आहात?,,कुठं जातोयस महोदय आपण कुठे जात आहात,nan
जेवलास ?	आपण जेवण केले आहे का?,,जेवलास आपण जेवण केले आहे का,nan
कसा आहेस?	आपण कसे आहात?,,कसा आहेस आपण कसे आहात,nan
उद्या येशील ?	आपण उद्या येणार आहात का?,,उद्या येशील आपण उद्या येणार आहात का,nan
उद्या येशील ?	आपण उद्या येणार आहात का?,,उद्या येशील आपण उद्या येणार आहात का,nan
कसा आहेस?	आपण कसे आहात?,,कसा आहेस आपण कसे आहात,nan
कसा आहेस?	आपण कसे आहात?,,कसा आहेस आपण कसे आहात,nan
उद्या येशील ?	आपण उद्या येणार आहात का?,,उद्या येशील आपण उद्या येणार आहात का,nan
बसमध्ये बसलास ?	आपण बसमध्ये बसलेले आहात का?,,बसमध्ये बसलास आपण बसमध्ये बसलेले आहात का,nan
बसमध्ये बसलास ?	आपण बसमध्ये बसलेले आहात का?,,बसमध्ये बसलास आपण बसमध्ये बसलेले आहात का,nan
कुठं जातोयस?	आपण कुठे जात आहात?,,कुठं जातोयस आपण कुठे जात आहात,nan
बसमध्ये बसलास ?	आपण बसमध्ये बसलेले आहात का?,,बसमध्ये बसलास आपण बसमध्ये बसलेले आहात का,nan
अभ्यास करतोयस ?	आपण अभ्यास करत आहात का?,,अभ्यास करतोयस आपण अभ्यास करत आहात का,nan
अभ्यास करतोयस ?	आपण अभ्यास करत आहात का?,,अभ्यास करतोयस आपण अभ्यास करत आहात का,nan
जेवलास  रे?	आपण जेवण केले आहे का?,,जेवलास महोदय आपण जेवण केले आहे का,nan
जेवलास ?	आपण जेवण केले आहे का?,,जेवलास आपण जेवण केले आहे का,nan
कसा आहेस?	आपण कसे आहात?,,कसा आहेस आपण कसे आहात,nan
मदत करशील ?	आपण मला मदत करू शकता का?,,मदत करशील आपण माझ्यासाठी मदत करू शकता का,nan
बसमध्ये बसलास ?	आपण बसमध्ये बसलेले आहात का?,,बसमध्ये बसलास आपण बसमध्ये बसलेले आहात का,nan
कसा आहेस?	आपण कसे आहात?,,कसा आहेस आपण कसे आहात,nan
सोबत येशील  रे?	आपण माझ्यासोबत याल का?,,सोबत येशील महोदय आपण माझ्यासोबत याल का,nan
सोबत येशील ?	आपण माझ्यासोबत याल का?,,सोबत येशील आपण माझ्यासोबत याल का,nan
कुठं जातोयस?	आपण कुठे जात आहात?,,कुठं जातोयस आपण कुठे जात आहात,nan
घरी जातोयस ?	आपण घरी जात आहात का?,,घरी जातोयस आपण घरी जात आहात का,nan
मदत करशील ?	आपण मला मदत करू शकता का?,,मदत करशील आपण माझ्यासाठी मदत करू शकता का,nan
जेवलास ?	आपण जेवण केले आहे का?,,जेवलास आपण जेवण केले आहे का,nan
कसा आहेस रे?	आपण कसे आहात?,,कसा आहेस महोदय आपण कसे आहात,nan
सोबत येशील ?	आपण माझ्यासोबत याल का?,,सोबत येशील आपण माझ्यासोबत याल का,nan
घरी जातोयस ?	आपण घरी जात आहात का?,,घरी जातोयस आपण घरी जात आहात का,nan
उद्या येशील  रे?	आपण उद्या येणार आहात का?,,उद्या येशील महोदय आपण उद्या येणार आहात का,nan
काय करतोयस?	आपण काय करत आहात?,,काय आहे करतोयस आपण काय आहे करत आहात,nan
उद्या येशील ?	आपण उद्या येणार आहात का?,,उद्या येशील आपण उद्या येणार आहात का,nan
कुठं जातोयस?	आपण कुठे जात आहात?,,कुठं जातोयस आपण कुठे जात आहात,nan
कसा आहेस?	आपण कसे आहात?,,कसा आहेस आपण कसे आहात,nan
कसा आहेस?	आपण कसे आहात?,,कसा आहेस आपण कसे आहात,nan
उद्या येशील ?	आपण उद्या येणार आहात का?,,उद्या येशील आपण उद्या येणार आहात का,nan
काय करतोयस रे?	आपण काय करत आहात?,,काय आहे करतोयस महोदय आपण काय आहे करत आहात,nan
अभ्यास करतोयस  रे?	आपण अभ्यास करत आहात का?,,अभ्यास करतोयस महोदय आपण अभ्यास करत आहात का,nan
मदत करशील ?	आपण मला मदत करू शकता का?,,मदत करशील आपण माझ्यासाठी मदत करू शकता का,nan
उद्या येशील  रे?	आपण उद्या येणार आहात का?,,उद्या येशील महोदय आपण उद्या येणार आहात का,nan
अभ्यास करतोयस ?	आपण अभ्यास करत आहात का?,,अभ्यास करतोयस आपण अभ्यास करत आहात का,nan
काय करतोयस?	आपण काय करत आहात?,,काय आहे करतोयस आपण काय आहे करत आहात,nan
घरी जातोयस  रे?	आपण घरी जात आहात का?,,घरी जातोयस महोदय आपण घरी जात आहात का,nan
मदत करशील ?	आपण मला मदत करू शकता का?,,मदत करशील आपण माझ्यासाठी मदत करू शकता का,nan
सोबत येशील  रे?	आपण माझ्यासोबत याल का?,,सोबत येशील महोदय आपण माझ्यासोबत याल का,nan
काय करतोयस?	आपण काय करत आहात?,,काय आहे करतोयस आपण काय आहे करत आहात,nan
उद्या येशील ?	आपण उद्या येणार आहात का?,,उद्या येशील आपण उद्या येणार आहात का,nan
उद्या येशील ?	आपण उद्या येणार आहात का?,,उद्या येशील आपण उद्या येणार आहात का,nan
मदत करशील  रे?	आपण मला मदत करू शकता का?,,मदत करशील महोदय आपण माझ्यासाठी मदत करू शकता का,nan
जेवलास ?	आपण जेवण केले आहे का?,,जेवलास आपण जेवण केले आहे का,nan
काय करतोयस?	आपण काय करत आहात?,,काय आहे करतोयस आपण काय आहे करत आहात,nan
मदत करशील  रे?	आपण मला मदत करू शकता का?,,मदत करशील महोदय आपण माझ्यासाठी मदत करू शकता का,nan
मदत करशील ?	आपण मला मदत करू शकता का?,,मदत करशील आपण माझ्यासाठी मदत करू शकता का,nan
घरी जातोयस ?	आपण घरी जात आहात का?,,घरी जातोयस आपण घरी जात आहात का,nan
कुठं जातोयस?	आपण कुठे जात आहात?,,कुठं जातोयस आपण कुठे जात आहात,nan
उद्या येशील  रे?	आपण उद्या येणार आहात का?,,उद्या येशील महोदय आपण उद्या येणार आहात का,nan
मदत करशील ?	आपण मला मदत करू शकता का?,,मदत करशील आपण माझ्यासाठी मदत करू शकता का,nan
घरी जातोयस  रे?	आपण घरी जात आहात का?,,घरी जातोयस महोदय आपण घरी जात आहात का,nan
अभ्यास करतोयस  रे?	आपण अभ्यास करत आहात का?,,अभ्यास करतोयस महोदय आपण अभ्यास करत आहात का,nan
जेवलास ?	आपण जेवण केले आहे का?,,जेवलास आपण जेवण केले आहे का,nan
घरी जातोयस  रे?	आपण घरी जात आहात का?,,घरी जातोयस महोदय आपण घरी जात आहात का,nan
कसा आहेस रे?	आपण कसे आहात?,,कसा आहेस महोदय आपण कसे आहात,nan
उद्या येशील ?	आपण उद्या येणार आहात का?,,उद्या येशील आपण उद्या येणार आहात का,nan
काय करतोयस?	आपण काय करत आहात?,,काय आहे करतोयस आपण काय आहे करत आहात,nan
घरी जातोयस ?	आपण घरी जात आहात का?,,घरी जातोयस आपण घरी जात आहात का,nan
अभ्यास करतोयस  रे?	आपण अभ्यास करत आहात का?,,अभ्यास करतोयस महोदय आपण अभ्यास करत आहात का,nan
जेवलास ?	आपण जेवण केले आहे का?,,जेवलास आपण जेवण केले आहे का,nan
जेवलास  रे?	आपण जेवण केले आहे का?,,जेवलास महोदय आपण जेवण केले आहे का,nan
अभ्यास करतोयस ?	आपण अभ्यास करत आहात का?,,अभ्यास करतोयस आपण अभ्यास करत आहात का,nan
काय करतोयस?	आपण काय करत आहात?,,काय आहे करतोयस आपण काय आहे करत आहात,nan
काय करतोयस?	आपण काय करत आहात?,,काय आहे करतोयस आपण काय आहे करत आहात,nan
काय करतोयस रे?	आपण काय करत आहात?,,काय आहे करतोयस महोदय आपण काय आहे करत आहात,nan
जेवलास ?	आपण जेवण केले आहे का?,,जेवलास आपण जेवण केले आहे का,nan
सोबत येशील ?	आपण माझ्यासोबत याल का?,,सोबत येशील आपण माझ्यासोबत याल का,nan
उद्या येशील ?	आपण उद्या येणार आहात का?,,उद्या येशील आपण उद्या येणार आहात का,nan
सोबत येशील ?	आपण माझ्यासोबत याल का?,,सोबत येशील आपण माझ्यासोबत याल का,nan
जेवलास ?	आपण जेवण केले आहे का?,,जेवलास आपण जेवण केले आहे का,nan
मदत करशील ?	आपण मला मदत करू शकता का?,,मदत करशील आपण माझ्यासाठी मदत करू शकता का,nan
मदत करशील  रे?	आपण मला मदत करू शकता का?,,मदत करशील महोदय आपण माझ्यासाठी मदत करू शकता का,nan
काय करतोयस?	आपण काय करत आहात?,,काय आहे करतोयस आपण काय आहे करत आहात,nan
जेवलास  रे?	आपण जेवण केले आहे का?,,जेवलास महोदय आपण जेवण केले आहे का,nan
कुठं जातोयस रे?	आपण कुठे जात आहात?,,कुठं जातोयस महोदय आपण कुठे जात आहात,nan
घरी जातोयस  रे?	आपण घरी जात आहात का?,,घरी जातोयस महोदय आपण घरी जात आहात का,nan
कसा आहेस रे?	आपण कसे आहात?,,कसा आहेस महोदय आपण कसे आहात,nan
मदत करशील ?	आपण मला मदत करू शकता का?,,मदत करशील आपण माझ्यासाठी मदत करू शकता का,nan
अभ्यास करतोयस ?	आपण अभ्यास करत आहात का?,,अभ्यास करतोयस आपण अभ्यास करत आहात का,nan
बसमध्ये बसलास ?	आपण बसमध्ये बसलेले आहात का?,,बसमध्ये बसलास आपण बसमध्ये बसलेले आहात का,nan
कुठं जातोयस?	आपण कुठे जात आहात?,,कुठं जातोयस आपण कुठे जात आहात,nan
कसा आहेस?	आपण कसे आहात?,,कसा आहेस आपण कसे आहात,nan
बसमध्ये बसलास ?	आपण बसमध्ये बसलेले आहात का?,,बसमध्ये बसलास आपण बसमध्ये बसलेले आहात का,nan
जेवलास ?	आपण जेवण केले आहे का?,,जेवलास आपण जेवण केले आहे का,nan
अभ्यास करतोयस ?	आपण अभ्यास करत आहात का?,,अभ्यास करतोयस आपण अभ्यास करत आहात का,nan
अभ्यास करतोयस ?	आपण अभ्यास करत आहात का?,,अभ्यास करतोयस आपण अभ्यास करत आहात का,nan
मदत करशील ?	आपण मला मदत करू शकता का?,,मदत करशील आपण माझ्यासाठी मदत करू शकता का,nan
मदत करशील ?	आपण मला मदत करू शकता का?,,मदत करशील आपण माझ्यासाठी मदत करू शकता का,nan
मदत करशील  रे?	आपण मला मदत करू शकता का?,,मदत करशील महोदय आपण माझ्यासाठी मदत करू शकता का,nan
कुठं जातोयस?	आपण कुठे जात आहात?,,कुठं जातोयस आपण कुठे जात आहात,nan
घरी जातोयस  रे?	आपण घरी जात आहात का?,,घरी जातोयस महोदय आपण घरी जात आहात का,nan
कसा आहेस?	आपण कसे आहात?,,कसा आहेस आपण कसे आहात,nan
जेवलास ?	आपण जेवण केले आहे का?,,जेवलास आपण जेवण केले आहे का,nan
कुठं जातोयस?	आपण कुठे जात आहात?,,कुठं जातोयस आपण कुठे जात आहात,nan
अभ्यास करतोयस ?	आपण अभ्यास करत आहात का?,,अभ्यास करतोयस आपण अभ्यास करत आहात का,nan
उद्या येशील ?	आपण उद्या येणार आहात का?,,उद्या येशील आपण उद्या येणार आहात का,nan
काय करतोयस?	आपण काय करत आहात?,,काय आहे करतोयस आपण काय आहे करत आहात,nan
जेवलास ?	आपण जेवण केले आहे का?,,जेवलास आपण जेवण केले आहे का,nan
बसमध्ये बसलास ?	आपण बसमध्ये बसलेले आहात का?,,बसमध्ये बसलास आपण बसमध्ये बसलेले आहात का,nan
सोबत येशील ?	आपण माझ्यासोबत याल का?,,सोबत येशील आपण माझ्यासोबत याल का,nan
मदत करशील ?	आपण मला मदत करू शकता का?,,मदत करशील आपण माझ्यासाठी मदत करू शकता का,nan
कसा आहेस?	आपण कसे आहात?,,कसा आहेस आपण कसे आहात,nan
घरी जातोयस ?	आपण घरी जात आहात का?,,घरी जातोयस आपण घरी जात आहात का,nan
मदत करशील ?	आपण मला मदत करू शकता का?,,मदत करशील आपण माझ्यासाठी मदत करू शकता का,nan
अभ्यास करतोयस ?	आपण अभ्यास करत आहात का?,,अभ्यास करतोयस आपण अभ्यास करत आहात का,nan
जेवलास ?	आपण जेवण केले आहे का?,,जेवलास आपण जेवण केले आहे का,nan
उद्या येशील ?	आपण उद्या येणार आहात का?,,उद्या येशील आपण उद्या येणार आहात का,nan
उद्या येशील ?	आपण उद्या येणार आहात का?,,उद्या येशील आपण उद्या येणार आहात का,nan
सोबत येशील ?	आपण माझ्यासोबत याल का?,,सोबत येशील आपण माझ्यासोबत याल का,nan
मदत करशील ?	आपण मला मदत करू शकता का?,,मदत करशील आपण माझ्यासाठी मदत करू शकता का,nan
कुठं जातोयस?	आपण कुठे जात आहात?,,कुठं जातोयस आपण कुठे जात आहात,nan
बसमध्ये बसलास ?	आपण बसमध्ये बसलेले आहात का?,,बसमध्ये बसलास आपण बसमध्ये बसलेले आहात का,nan
कसा आहेस रे?	आपण कसे आहात?,,कसा आहेस महोदय आपण कसे आहात,nan
कसा आहेस रे?	आपण कसे आहात?,,कसा आहेस महोदय आपण कसे आहात,nan
अभ्यास करतोयस ?	आपण अभ्यास करत आहात का?,,अभ्यास करतोयस आपण अभ्यास करत आहात का,nan
सोबत येशील ?	आपण माझ्यासोबत याल का?,,सोबत येशील आपण माझ्यासोबत याल का,nan
बसमध्ये बसलास ?	आपण बसमध्ये बसलेले आहात का?,,बसमध्ये बसलास आपण बसमध्ये बसलेले आहात का,nan
बसमध्ये बसलास ?	आपण बसमध्ये बसलेले आहात का?,,बसमध्ये बसलास आपण बसमध्ये बसलेले आहात का,nan
घरी जातोयस ?	आपण घरी जात आहात का?,,घरी जातोयस आपण घरी जात आहात का,nan
उद्या येशील  रे?	आपण उद्या येणार आहात का?,,उद्या येशील महोदय आपण उद्या येणार आहात का,nan
जेवलास  रे?	आपण जेवण केले आहे का?,,जेवलास महोदय आपण जेवण केले आहे का,nan
घरी जातोयस  रे?	आपण घरी जात आहात का?,,घरी जातोयस महोदय आपण घरी जात आहात का,nan
मदत करशील  रे?	आपण मला मदत करू शकता का?,,मदत करशील महोदय आपण माझ्यासाठी मदत करू शकता का,nan
काय करतोयस रे?	आपण काय करत आहात?,,काय आहे करतोयस महोदय आपण काय आहे करत आहात,nan
जेवलास  रे?	आपण जेवण केले आहे का?,,जेवलास महोदय आपण जेवण केले आहे का,nan
अभ्यास करतोयस ?	आपण अभ्यास करत आहात का?,,अभ्यास करतोयस आपण अभ्यास करत आहात का,nan
बसमध्ये बसलास ?	आपण बसमध्ये बसलेले आहात का?,,बसमध्ये बसलास आपण बसमध्ये बसलेले आहात का,nan
कुठं जातोयस?	आपण कुठे जात आहात?,,कुठं जातोयस आपण कुठे जात आहात,nan
काय करतोयस?	आपण काय करत आहात?,,काय आहे करतोयस आपण काय आहे करत आहात,nan
काय करतोयस?	आपण काय करत आहात?,,काय आहे करतोयस आपण काय आहे करत आहात,nan
घरी जातोयस  रे?	आपण घरी जात आहात का?,,घरी जातोयस महोदय आपण घरी जात आहात का,nan
कुठं जातोयस?	आपण कुठे जात आहात?,,कुठं जातोयस आपण कुठे जात आहात,nan
उद्या येशील  रे?	आपण उद्या येणार आहात का?,,उद्या येशील महोदय आपण उद्या येणार आहात का,nan
उद्या येशील ?	आपण उद्या येणार आहात का?,,उद्या येशील आपण उद्या येणार आहात का,nan
सोबत येशील ?	आपण माझ्यासोबत याल का?,,सोबत येशील आपण माझ्यासोबत याल का,nan
घरी जातोयस ?	आपण घरी जात आहात का?,,घरी जातोयस आपण घरी जात आहात का,nan
घरी जातोयस ?	आपण घरी जात आहात का?,,घरी जातोयस आपण घरी जात आहात का,nan
मदत करशील ?	आपण मला मदत करू शकता का?,,मदत करशील आपण माझ्यासाठी मदत करू शकता का,nan
अभ्यास करतोयस ?	आपण अभ्यास करत आहात का?,,अभ्यास करतोयस आपण अभ्यास करत आहात का,nan
उद्या येशील ?	आपण उद्या येणार आहात का?,,उद्या येशील आपण उद्या येणार आहात का,nan
उद्या येशील ?	आपण उद्या येणार आहात का?,,उद्या येशील आपण उद्या येणार आहात का,nan
सोबत येशील  रे?	आपण माझ्यासोबत याल का?,,सोबत येशील महोदय आपण माझ्यासोबत याल का,nan
कुठं जातोयस रे?	आपण कुठे जात आहात?,,कुठं जातोयस महोदय आपण कुठे जात आहात,nan
काय करतोयस रे?	आपण काय करत आहात?,,काय आहे करतोयस महोदय आपण काय आहे करत आहात,nan
कुठं जातोयस?	आपण कुठे जात आहात?,,कुठं जातोयस आपण कुठे जात आहात,nan
उद्या येशील  रे?	आपण उद्या येणार आहात का?,,उद्या येशील महोदय आपण उद्या येणार आहात का,nan
बसमध्ये बसलास ?	आपण बसमध्ये बसलेले आहात का?,,बसमध्ये बसलास आपण बसमध्ये बसलेले आहात का,nan
कुठं जातोयस रे?	आपण कुठे जात आहात?,,कुठं जातोयस महोदय आपण कुठे जात आहात,nan
बसमध्ये बसलास  रे?	आपण बसमध्ये बसलेले आहात का?,,बसमध्ये बसलास महोदय आपण बसमध्ये बसलेले आहात का,nan
बसमध्ये बसलास ?	आपण बसमध्ये बसलेले आहात का?,,बसमध्ये बसलास आपण बसमध्ये बसलेले आहात का,nan
बसमध्ये बसलास  रे?	आपण बसमध्ये बसलेले आहात का?,,बसमध्ये बसलास महोदय आपण बसमध्ये बसलेले आहात का,nan
काय करतोयस रे?	आपण काय करत आहात?,,काय आहे करतोयस महोदय आपण काय आहे करत आहात,nan
बसमध्ये बसलास ?	आपण बसमध्ये बसलेले आहात का?,,बसमध्ये बसलास आपण बसमध्ये बसलेले आहात का,nan
कसा आहेस?	आपण कसे आहात?,,कसा आहेस आपण कसे आहात,nan
कसा आहेस रे?	आपण कसे आहात?,,कसा आहेस महोदय आपण कसे आहात,nan
सोबत येशील ?	आपण माझ्यासोबत याल का?,,सोबत येशील आपण माझ्यासोबत याल का,nan
बसमध्ये बसलास ?	आपण बसमध्ये बसलेले आहात का?,,बसमध्ये बसलास आपण बसमध्ये बसलेले आहात का,nan
कसा आहेस रे?	आपण कसे आहात?,,कसा आहेस महोदय आपण कसे आहात,nan
मदत करशील ?	आपण मला मदत करू शकता का?,,मदत करशील आपण माझ्यासाठी मदत करू शकता का,nan
उद्या येशील ?	आपण उद्या येणार आहात का?,,उद्या येशील आपण उद्या येणार आहात का,nan
मदत करशील ?	आपण मला मदत करू शकता का?,,मदत करशील आपण माझ्यासाठी मदत करू शकता का,nan
अभ्यास करतोयस ?	आपण अभ्यास करत आहात का?,,अभ्यास करतोयस आपण अभ्यास करत आहात का,nan
कुठं जातोयस?	आपण कुठे जात आहात?,,कुठं जातोयस आपण कुठे जात आहात,nan
सोबत येशील  रे?	आपण माझ्यासोबत याल का?,,सोबत येशील महोदय आपण माझ्यासोबत याल का,nan
उद्या येशील ?	आपण उद्या येणार आहात का?,,उद्या येशील आपण उद्या येणार आहात का,nan
घरी जातोयस  रे?	आपण घरी जात आहात का?,,घरी जातोयस महोदय आपण घरी जात आहात का,nan
सोबत येशील ?	आपण माझ्यासोबत याल का?,,सोबत येशील आपण माझ्यासोबत याल का,nan
बसमध्ये बसलास ?	आपण बसमध्ये बसलेले आहात का?,,बसमध्ये बसलास आपण बसमध्ये बसलेले आहात का,nan
अभ्यास करतोयस  रे?	आपण अभ्यास करत आहात का?,,अभ्यास करतोयस महोदय आपण अभ्यास करत आहात का,nan
अभ्यास करतोयस  रे?	आपण अभ्यास करत आहात का?,,अभ्यास करतोयस महोदय आपण अभ्यास करत आहात का,nan
बसमध्ये बसलास  रे?	आपण बसमध्ये बसलेले आहात का?,,बसमध्ये बसलास महोदय आपण बसमध्ये बसलेले आहात का,nan
उद्या येशील ?	आपण उद्या येणार आहात का?,,उद्या येशील आपण उद्या येणार आहात का,nan
घरी जातोयस ?	आपण घरी जात आहात का?,,घरी जातोयस आपण घरी जात आहात का,nan
बसमध्ये बसलास ?	आपण बसमध्ये बसलेले आहात का?,,बसमध्ये बसलास आपण बसमध्ये बसलेले आहात का,nan
मदत करशील ?	आपण मला मदत करू शकता का?,,मदत करशील आपण माझ्यासाठी मदत करू शकता का,nan
काय करतोयस?	आपण काय करत आहात?,,काय आहे करतोयस आपण काय आहे करत आहात,nan
मदत करशील  रे?	आपण मला मदत करू शकता का?,,मदत करशील महोदय आपण माझ्यासाठी मदत करू शकता का,nan
कुठं जातोयस रे?	आपण कुठे जात आहात?,,कुठं जातोयस महोदय आपण कुठे जात आहात,nan
काय करतोयस?	आपण काय करत आहात?,,काय आहे करतोयस आपण काय आहे करत आहात,nan
कुठं जातोयस?	आपण कुठे जात आहात?,,कुठं जातोयस आपण कुठे जात आहात,nan
कुठं जातोयस?	आपण कुठे जात आहात?,,कुठं जातोयस आपण कुठे जात आहात,nan
सोबत येशील  रे?	आपण माझ्यासोबत याल का?,,सोबत येशील महोदय आपण माझ्यासोबत याल का,nan
अभ्यास करतोयस ?	आपण अभ्यास करत आहात का?,,अभ्यास करतोयस आपण अभ्यास करत आहात का,nan
सोबत येशील ?	आपण माझ्यासोबत याल का?,,सोबत येशील आपण माझ्यासोबत याल का,nan
काय करतोयस?	आपण काय करत आहात?,,काय आहे करतोयस आपण काय आहे करत आहात,nan
मदत करशील ?	आपण मला मदत करू शकता का?,,मदत करशील आपण माझ्यासाठी मदत करू शकता का,nan
काय करतोयस?	आपण काय करत आहात?,,काय आहे करतोयस आपण काय आहे करत आहात,nan
अभ्यास करतोयस ?	आपण अभ्यास करत आहात का?,,अभ्यास करतोयस आपण अभ्यास करत आहात का,nan
घरी जातोयस ?	आपण घरी जात आहात का?,,घरी जातोयस आपण घरी जात आहात का,nan
मदत करशील ?	आपण मला मदत करू शकता का?,,मदत करशील आपण माझ्यासाठी मदत करू शकता का,nan
अभ्यास करतोयस ?	आपण अभ्यास करत आहात का?,,अभ्यास करतोयस आपण अभ्यास करत आहात का,nan
बसमध्ये बसलास ?	आपण बसमध्ये बसलेले आहात का?,,बसमध्ये बसलास आपण बसमध्ये बसलेले आहात का,nan
अभ्यास करतोयस ?	आपण अभ्यास करत आहात का?,,अभ्यास करतोयस आपण अभ्यास करत आहात का,nan
कसा आहेस?	आपण कसे आहात?,,कसा आहेस आपण कसे आहात,nan
सोबत येशील  रे?	आपण माझ्यासोबत याल का?,,सोबत येशील महोदय आपण माझ्यासोबत याल का,nan
काय करतोयस?	आपण काय करत आहात?,,काय आहे करतोयस आपण काय आहे करत आहात,nan
बसमध्ये बसलास ?	आपण बसमध्ये बसलेले आहात का?,,बसमध्ये बसलास आपण बसमध्ये बसलेले आहात का,nan
घरी जातोयस ?	आपण घरी जात आहात का?,,घरी जातोयस आपण घरी जात आहात का,nan
अभ्यास करतोयस ?	आपण अभ्यास करत आहात का?,,अभ्यास करतोयस आपण अभ्यास करत आहात का,nan
जेवलास ?	आपण जेवण केले आहे का?,,जेवलास आपण जेवण केले आहे का,nan
काय करतोयस?	आपण काय करत आहात?,,काय आहे करतोयस आपण काय आहे करत आहात,nan
कसा आहेस रे?	आपण कसे आहात?,,कसा आहेस महोदय आपण कसे आहात,nan
सोबत येशील  रे?	आपण माझ्यासोबत याल का?,,सोबत येशील महोदय आपण माझ्यासोबत याल का,nan
बसमध्ये बसलास  रे?	आपण बसमध्ये बसलेले आहात का?,,बसमध्ये बसलास महोदय आपण बसमध्ये बसलेले आहात का,nan
कसा आहेस रे?	आपण कसे आहात?,,कसा आहेस महोदय आपण कसे आहात,nan
काय करतोयस रे?	आपण काय करत आहात?,,काय आहे करतोयस महोदय आपण काय आहे करत आहात,nan
जेवलास  रे?	आपण जेवण केले आहे का?,,जेवलास महोदय आपण जेवण केले आहे का,nan
उद्या येशील  रे?	आपण उद्या येणार आहात का?,,उद्या येशील महोदय आपण उद्या येणार आहात का,nan
अभ्यास करतोयस ?	आपण अभ्यास करत आहात का?,,अभ्यास करतोयस आपण अभ्यास करत आहात का,nan
काय करतोयस?	आपण काय करत आहात?,,काय आहे करतोयस आपण काय आहे करत आहात,nan
काय करतोयस?	आपण काय करत आहात?,,काय आहे करतोयस आपण काय आहे करत आहात,nan
कसा आहेस रे?	आपण कसे आहात?,,कसा आहेस महोदय आपण कसे आहात,nan
काय करतोयस?	आपण काय करत आहात?,,काय आहे करतोयस आपण काय आहे करत आहात,nan
सोबत येशील ?	आपण माझ्यासोबत याल का?,,सोबत येशील आपण माझ्यासोबत याल का,nan
मदत करशील  रे?	आपण मला मदत करू शकता का?,,मदत करशील महोदय आपण माझ्यासाठी मदत करू शकता का,nan
कसा आहेस रे?	आपण कसे आहात?,,कसा आहेस महोदय आपण कसे आहात,nan
कुठं जातोयस रे?	आपण कुठे जात आहात?,,कुठं जातोयस महोदय आपण कुठे जात आहात,nan
अभ्यास करतोयस ?	आपण अभ्यास करत आहात का?,,अभ्यास करतोयस आपण अभ्यास करत आहात का,nan
काय करतोयस?	आपण काय करत आहात?,,काय आहे करतोयस आपण काय आहे करत आहात,nan
बसमध्ये बसलास ?	आपण बसमध्ये बसलेले आहात का?,,बसमध्ये बसलास आपण बसमध्ये बसलेले आहात का,nan
सोबत येशील ?	आपण माझ्यासोबत याल का?,,सोबत येशील आपण माझ्यासोबत याल का,nan
काय करतोयस रे?	आपण काय करत आहात?,,काय आहे करतोयस महोदय आपण काय आहे करत आहात,nan
कसा आहेस रे?	आपण कसे आहात?,,कसा आहेस महोदय आपण कसे आहात,nan
कसा आहेस रे?	आपण कसे आहात?,,कसा आहेस महोदय आपण कसे आहात,nan
सोबत येशील ?	आपण माझ्यासोबत याल का?,,सोबत येशील आपण माझ्यासोबत याल का,nan
जेवलास ?	आपण जेवण केले आहे का?,,जेवलास आपण जेवण केले आहे का,nan
काय करतोयस?	आपण काय करत आहात?,,काय आहे करतोयस आपण काय आहे करत आहात,nan
कुठं जातोयस?	आपण कुठे जात आहात?,,कुठं जातोयस आपण कुठे जात आहात,nan
घरी जातोयस ?	आपण घरी जात आहात का?,,घरी जातोयस आपण घरी जात आहात का,nan
अभ्यास करतोयस ?	आपण अभ्यास करत आहात का?,,अभ्यास करतोयस आपण अभ्यास करत आहात का,nan
अभ्यास करतोयस ?	आपण अभ्यास करत आहात का?,,अभ्यास करतोयस आपण अभ्यास करत आहात का,nan
कसा आहेस?	आपण कसे आहात?,,कसा आहेस आपण कसे आहात,nan
कुठं जातोयस?	आपण कुठे जात आहात?,,कुठं जातोयस आपण कुठे जात आहात,nan
घरी जातोयस ?	आपण घरी जात आहात का?,,घरी जातोयस आपण घरी जात आहात का,nan
जेवलास ?	आपण जेवण केले आहे का?,,जेवलास आपण जेवण केले आहे का,nan
काय करतोयस?	आपण काय करत आहात?,,काय आहे करतोयस आपण काय आहे करत आहात,nan
मदत करशील  रे?	आपण मला मदत करू शकता का?,,मदत करशील महोदय आपण माझ्यासाठी मदत करू शकता का,nan
कुठं जातोयस रे?	आपण कुठे जात आहात?,,कुठं जातोयस महोदय आपण कुठे जात आहात,nan
घरी जातोयस ?	आपण घरी जात आहात का?,,घरी जातोयस आपण घरी जात आहात का,nan
उद्या येशील ?	आपण उद्या येणार आहात का?,,उद्या येशील आपण उद्या येणार आहात का,nan
कसा आहेस?	आपण कसे आहात?,,कसा आहेस आपण कसे आहात,nan
अभ्यास करतोयस ?	आपण अभ्यास करत आहात का?,,अभ्यास करतोयस आपण अभ्यास करत आहात का,nan
उद्या येशील  रे?	आपण उद्या येणार आहात का?,,उद्या येशील महोदय आपण उद्या येणार आहात का,nan
घरी जातोयस ?	आपण घरी जात आहात का?,,घरी जातोयस आपण घरी जात आहात का,nan
काय करतोयस रे?	आपण काय करत आहात?,,काय आहे करतोयस महोदय आपण काय आहे करत आहात,nan
घरी जातोयस ?	आपण घरी जात आहात का?,,घरी जातोयस आपण घरी जात आहात का,nan
कुठं जातोयस?	आपण कुठे जात आहात?,,कुठं जातोयस आपण कुठे जात आहात,nan
अभ्यास करतोयस ?	आपण अभ्यास करत आहात का?,,अभ्यास करतोयस आपण अभ्यास करत आहात का,nan
कसा आहेस?	आपण कसे आहात?,,कसा आहेस आपण कसे आहात,nan
घरी जातोयस  रे?	आपण घरी जात आहात का?,,घरी जातोयस महोदय आपण घरी जात आहात का,nan
उद्या येशील ?	आपण उद्या येणार आहात का?,,उद्या येशील आपण उद्या येणार आहात का,nan
कुठं जातोयस?	आपण कुठे जात आहात?,,कुठं जातोयस आपण कुठे जात आहात,nan
कसा आहेस?	आपण कसे आहात?,,कसा आहेस आपण कसे आहात,nan
काय करतोयस?	आपण काय करत आहात?,,काय आहे करतोयस आपण काय आहे करत आहात,nan
अभ्यास करतोयस  रे?	आपण अभ्यास करत आहात का?,,अभ्यास करतोयस महोदय आपण अभ्यास करत आहात का,nan
अभ्यास करतोयस ?	आपण अभ्यास करत आहात का?,,अभ्यास करतोयस आपण अभ्यास करत आहात का,nan
मदत करशील ?	आपण मला मदत करू शकता का?,,मदत करशील आपण माझ्यासाठी मदत करू शकता का,nan
बसमध्ये बसलास ?	आपण बसमध्ये बसलेले आहात का?,,बसमध्ये बसलास आपण बसमध्ये बसलेले आहात का,nan
काय करतोयस रे?	आपण काय करत आहात?,,काय आहे करतोयस महोदय आपण काय आहे करत आहात,nan
जेवलास ?	आपण जेवण केले आहे का?,,जेवलास आपण जेवण केले आहे का,nan
कुठं जातोयस?	आपण कुठे जात आहात?,,कुठं जातोयस आपण कुठे जात आहात,nan
मदत करशील ?	आपण मला मदत करू शकता का?,,मदत करशील आपण माझ्यासाठी मदत करू शकता का,nan
घरी जातोयस  रे?	आपण घरी जात आहात का?,,घरी जातोयस महोदय आपण घरी जात आहात का,nan
अभ्यास करतोयस  रे?	आपण अभ्यास करत आहात का?,,अभ्यास करतोयस महोदय आपण अभ्यास करत आहात का,nan
कुठं जातोयस?	आपण कुठे जात आहात?,,कुठं जातोयस आपण कुठे जात आहात,nan
कुठं जातोयस रे?	आपण कुठे जात आहात?,,कुठं जातोयस महोदय आपण कुठे जात आहात,nan
घरी जातोयस  रे?	आपण घरी जात आहात का?,,घरी जातोयस महोदय आपण घरी जात आहात का,nan
बसमध्ये बसलास  रे?	आपण बसमध्ये बसलेले आहात का?,,बसमध्ये बसलास महोदय आपण बसमध्ये बसलेले आहात का,nan
जेवलास  रे?	आपण जेवण केले आहे का?,,जेवलास महोदय आपण जेवण केले आहे का,nan
घरी जातोयस ?	आपण घरी जात आहात का?,,घरी जातोयस आपण घरी जात आहात का,nan
सोबत येशील ?	आपण माझ्यासोबत याल का?,,सोबत येशील आपण माझ्यासोबत याल का,nan
जेवलास ?	आपण जेवण केले आहे का?,,जेवलास आपण जेवण केले आहे का,nan
सोबत येशील ?	आपण माझ्यासोबत याल का?,,सोबत येशील आपण माझ्यासोबत याल का,nan
कुठं जातोयस?	आपण कुठे जात आहात?,,कुठं जातोयस आपण कुठे जात आहात,nan
घरी जातोयस ?	आपण घरी जात आहात का?,,घरी जातोयस आपण घरी जात आहात का,nan
मदत करशील  रे?	आपण मला मदत करू शकता का?,,मदत करशील महोदय आपण माझ्यासाठी मदत करू शकता का,nan
कुठं जातोयस?	आपण कुठे जात आहात?,,कुठं जातोयस आपण कुठे जात आहात,nan
कुठं जातोयस?	आपण कुठे जात आहात?,,कुठं जातोयस आपण कुठे जात आहात,nan
सोबत येशील ?	आपण माझ्यासोबत याल का?,,सोबत येशील आपण माझ्यासोबत याल का,nan
काय करतोयस?	आपण काय करत आहात?,,काय आहे करतोयस आपण काय आहे करत आहात,nan
सोबत येशील  रे?	आपण माझ्यासोबत याल का?,,सोबत येशील महोदय आपण माझ्यासोबत याल का,nan
जेवलास  रे?	आपण जेवण केले आहे का?,,जेवलास महोदय आपण जेवण केले आहे का,nan
जेवलास ?	आपण जेवण केले आहे का?,,जेवलास आपण जेवण केले आहे का,nan
कसा आहेस रे?	आपण कसे आहात?,,कसा आहेस महोदय आपण कसे आहात,nan
उद्या येशील  रे?	आपण उद्या येणार आहात का?,,उद्या येशील महोदय आपण उद्या येणार आहात का,nan
घरी जातोयस  रे?	आपण घरी जात आहात का?,,घरी जातोयस महोदय आपण घरी जात आहात का,nan
काय करतोयस?	आपण काय करत आहात?,,काय आहे करतोयस आपण काय आहे करत आहात,nan
सोबत येशील ?	आपण माझ्यासोबत याल का?,,सोबत येशील आपण माझ्यासोबत याल का,nan
जेवलास ?	आपण जेवण केले आहे का?,,जेवलास आपण जेवण केले आहे का,nan
जेवलास  रे?	आपण जेवण केले आहे का?,,जेवलास महोदय आपण जेवण केले आहे का,nan
उद्या येशील  रे?	आपण उद्या येणार आहात का?,,उद्या येशील महोदय आपण उद्या येणार आहात का,nan
कुठं जातोयस?	आपण कुठे जात आहात?,,कुठं जातोयस आपण कुठे जात आहात,nan
सोबत येशील ?	आपण माझ्यासोबत याल का?,,सोबत येशील आपण माझ्यासोबत याल का,nan
घरी जातोयस ?	आपण घरी जात आहात का?,,घरी जातोयस आपण घरी जात आहात का,nan
कसा आहेस?	आपण कसे आहात?,,कसा आहेस आपण कसे आहात,nan
घरी जातोयस ?	आपण घरी जात आहात का?,,घरी जातोयस आपण घरी जात आहात का,nan
मदत करशील ?	आपण मला मदत करू शकता का?,,मदत करशील आपण माझ्यासाठी मदत करू शकता का,nan
जेवलास ?	आपण जेवण केले आहे का?,,जेवलास आपण जेवण केले आहे का,nan
कसा आहेस?	आपण कसे आहात?,,कसा आहेस आपण कसे आहात,nan
कसा आहेस?	आपण कसे आहात?,,कसा आहेस आपण कसे आहात,nan
कुठं जातोयस?	आपण कुठे जात आहात?,,कुठं जातोयस आपण कुठे जात आहात,nan
काय करतोयस रे?	आपण काय करत आहात?,,काय आहे करतोयस महोदय आपण काय आहे करत आहात,nan
बसमध्ये बसलास  रे?	आपण बसमध्ये बसलेले आहात का?,,बसमध्ये बसलास महोदय आपण बसमध्ये बसलेले आहात का,nan
सोबत येशील ?	आपण माझ्यासोबत याल का?,,सोबत येशील आपण माझ्यासोबत याल का,nan
घरी जातोयस ?	आपण घरी जात आहात का?,,घरी जातोयस आपण घरी जात आहात का,nan
बसमध्ये बसलास ?	आपण बसमध्ये बसलेले आहात का?,,बसमध्ये बसलास आपण बसमध्ये बसलेले आहात का,nan
काय करतोयस?	आपण काय करत आहात?,,काय आहे करतोयस आपण काय आहे करत आहात,nan
काय करतोयस रे?	आपण काय करत आहात?,,काय आहे करतोयस महोदय आपण काय आहे करत आहात,nan
काय करतोयस?	आपण काय करत आहात?,,काय आहे करतोयस आपण काय आहे करत आहात,nan
उद्या येशील ?	आपण उद्या येणार आहात का?,,उद्या येशील आपण उद्या येणार आहात का,nan
कुठं जातोयस रे?	आपण कुठे जात आहात?,,कुठं जातोयस महोदय आपण कुठे जात आहात,nan
सोबत येशील ?	आपण माझ्यासोबत याल का?,,सोबत येशील आपण माझ्यासोबत याल का,nan
जेवलास ?	आपण जेवण केले आहे का?,,जेवलास आपण जेवण केले आहे का,nan
कुठं जातोयस?	आपण कुठे जात आहात?,,कुठं जातोयस आपण कुठे जात आहात,nan
घरी जातोयस  रे?	आपण घरी जात आहात का?,,घरी जातोयस महोदय आपण घरी जात आहात का,nan
काय करतोयस रे?	आपण काय करत आहात?,,काय आहे करतोयस महोदय आपण काय आहे करत आहात,nan
अभ्यास करतोयस  रे?	आपण अभ्यास करत आहात का?,,अभ्यास करतोयस महोदय आपण अभ्यास करत आहात का,nan
मदत करशील  रे?	आपण मला मदत करू शकता का?,,मदत करशील महोदय आपण माझ्यासाठी मदत करू शकता का,nan
कुठं जातोयस रे?	आपण कुठे जात आहात?,,कुठं जातोयस महोदय आपण कुठे जात आहात,nan
उद्या येशील ?	आपण उद्या येणार आहात का?,,उद्या येशील आपण उद्या येणार आहात का,nan
उद्या येशील ?	आपण उद्या येणार आहात का?,,उद्या येशील आपण उद्या येणार आहात का,nan
घरी जातोयस  रे?	आपण घरी जात आहात का?,,घरी जातोयस महोदय आपण घरी जात आहात का,nan
घरी जातोयस ?	आपण घरी जात आहात का?,,घरी जातोयस आपण घरी जात आहात का,nan
कसा आहेस रे?	आपण कसे आहात?,,कसा आहेस महोदय आपण कसे आहात,nan
काय करतोयस रे?	आपण काय करत आहात?,,काय आहे करतोयस महोदय आपण काय आहे करत आहात,nan
बसमध्ये बसलास ?	आपण बसमध्ये बसलेले आहात का?,,बसमध्ये बसलास आपण बसमध्ये बसलेले आहात का,nan
काय करतोयस?	आपण काय करत आहात?,,काय आहे करतोयस आपण काय आहे करत आहात,nan
उद्या येशील ?	आपण उद्या येणार आहात का?,,उद्या येशील आपण उद्या येणार आहात का,nan
काय करतोयस?	आपण काय करत आहात?,,काय आहे करतोयस आपण काय आहे करत आहात,nan
कसा आहेस?	आपण कसे आहात?,,कसा आहेस आपण कसे आहात,nan
कुठं जातोयस?	आपण कुठे जात आहात?,,कुठं जातोयस आपण कुठे जात आहात,nan
अभ्यास करतोयस ?	आपण अभ्यास करत आहात का?,,अभ्यास करतोयस आपण अभ्यास करत आहात का,nan
घरी जातोयस ?	आपण घरी जात आहात का?,,घरी जातोयस आपण घरी जात आहात का,nan
सोबत येशील  रे?	आपण माझ्यासोबत याल का?,,सोबत येशील महोदय आपण माझ्यासोबत याल का,nan
काय करतोयस रे?	आपण काय करत आहात?,,काय आहे करतोयस महोदय आपण काय आहे करत आहात,nan
कुठं जातोयस?	आपण कुठे जात आहात?,,कुठं जातोयस आपण कुठे जात आहात,nan
सोबत येशील  रे?	आपण माझ्यासोबत याल का?,,सोबत येशील महोदय आपण माझ्यासोबत याल का,nan
घरी जातोयस ?	आपण घरी जात आहात का?,,घरी जातोयस आपण घरी जात आहात का,nan
बसमध्ये बसलास  रे?	आपण बसमध्ये बसलेले आहात का?,,बसमध्ये बसलास महोदय आपण बसमध्ये बसलेले आहात का,nan
कसा आहेस रे?	आपण कसे आहात?,,कसा आहेस महोदय आपण कसे आहात,nan
मदत करशील ?	आपण मला मदत करू शकता का?,,मदत करशील आपण माझ्यासाठी मदत करू शकता का,nan
बसमध्ये बसलास ?	आपण बसमध्ये बसलेले आहात का?,,बसमध्ये बसलास आपण बसमध्ये बसलेले आहात का,nan
कुठं जातोयस?	आपण कुठे जात आहात?,,कुठं जातोयस आपण कुठे जात आहात,nan
काय करतोयस रे?	आपण काय करत आहात?,,काय आहे करतोयस महोदय आपण काय आहे करत आहात,nan
बसमध्ये बसलास  रे?	आपण बसमध्ये बसलेले आहात का?,,बसमध्ये बसलास महोदय आपण बसमध्ये बसलेले आहात का,nan
अभ्यास करतोयस ?	आपण अभ्यास करत आहात का?,,अभ्यास करतोयस आपण अभ्यास करत आहात का,nan
कुठं जातोयस?	आपण कुठे जात आहात?,,कुठं जातोयस आपण कुठे जात आहात,nan
घरी जातोयस ?	आपण घरी जात आहात का?,,घरी जातोयस आपण घरी जात आहात का,nan
मदत करशील ?	आपण मला मदत करू शकता का?,,मदत करशील आपण माझ्यासाठी मदत करू शकता का,nan
अभ्यास करतोयस ?	आपण अभ्यास करत आहात का?,,अभ्यास करतोयस आपण अभ्यास करत आहात का,nan
काय करतोयस?	आपण काय करत आहात?,,काय आहे करतोयस आपण काय आहे करत आहात,nan
घरी जातोयस  रे?	आपण घरी जात आहात का?,,घरी जातोयस महोदय आपण घरी जात आहात का,nan
काय करतोयस?	आपण काय करत आहात?,,काय आहे करतोयस आपण काय आहे करत आहात,nan
उद्या येशील ?	आपण उद्या येणार आहात का?,,उद्या येशील आपण उद्या येणार आहात का,nan
कसा आहेस?	आपण कसे आहात?,,कसा आहेस आपण कसे आहात,nan
कसा आहेस?	आपण कसे आहात?,,कसा आहेस आपण कसे आहात,nan
कसा आहेस?	आपण कसे आहात?,,कसा आहेस आपण कसे आहात,nan
कुठं जातोयस?	आपण कुठे जात आहात?,,कुठं जातोयस आपण कुठे जात आहात,nan
काय करतोयस?	आपण काय करत आहात?,,काय आहे करतोयस आपण काय आहे करत आहात,nan
काय करतोयस?	आपण काय करत आहात?,,काय आहे करतोयस आपण काय आहे करत आहात,nan
कसा आहेस?	आपण कसे आहात?,,कसा आहेस आपण कसे आहात,nan
सोबत येशील ?	आपण माझ्यासोबत याल का?,,सोबत येशील आपण माझ्यासोबत याल का,nan
बसमध्ये बसलास ?	आपण बसमध्ये बसलेले आहात का?,,बसमध्ये बसलास आपण बसमध्ये बसलेले आहात का,nan
बसमध्ये बसलास  रे?	आपण बसमध्ये बसलेले आहात का?,,बसमध्ये बसलास महोदय आपण बसमध्ये बसलेले आहात का,nan
अभ्यास करतोयस  रे?	आपण अभ्यास करत आहात का?,,अभ्यास करतोयस महोदय आपण अभ्यास करत आहात का,nan
घरी जातोयस ?	आपण घरी जात आहात का?,,घरी जातोयस आपण घरी जात आहात का,nan
बसमध्ये बसलास ?	आपण बसमध्ये बसलेले आहात का?,,बसमध्ये बसलास आपण बसमध्ये बसलेले आहात का,nan
सोबत येशील  रे?	आपण माझ्यासोबत याल का?,,सोबत येशील महोदय आपण माझ्यासोबत याल का,nan
मदत करशील  रे?	आपण मला मदत करू शकता का?,,मदत करशील महोदय आपण माझ्यासाठी मदत करू शकता का,nan
उद्या येशील  रे?	आपण उद्या येणार आहात का?,,उद्या येशील महोदय आपण उद्या येणार आहात का,nan
उद्या येशील ?	आपण उद्या येणार आहात का?,,उद्या येशील आपण उद्या येणार आहात का,nan
अभ्यास करतोयस  रे?	आपण अभ्यास करत आहात का?,,अभ्यास करतोयस महोदय आपण अभ्यास करत आहात का,nan
अभ्यास करतोयस ?	आपण अभ्यास करत आहात का?,,अभ्यास करतोयस आपण अभ्यास करत आहात का,nan
काय करतोयस?	आपण काय करत आहात?,,काय आहे करतोयस आपण काय आहे करत आहात,nan
जेवलास ?	आपण जेवण केले आहे का?,,जेवलास आपण जेवण केले आहे का,nan
मदत करशील  रे?	आपण मला मदत करू शकता का?,,मदत करशील महोदय आपण माझ्यासाठी मदत करू शकता का,nan
कुठं जातोयस?	आपण कुठे जात आहात?,,कुठं जातोयस आपण कुठे जात आहात,nan
काय करतोयस?	आपण काय करत आहात?,,काय आहे करतोयस आपण काय आहे करत आहात,nan
कसा आहेस?	आपण कसे आहात?,,कसा आहेस आपण कसे आहात,nan
बसमध्ये बसलास  रे?	आपण बसमध्ये बसलेले आहात का?,,बसमध्ये बसलास महोदय आपण बसमध्ये बसलेले आहात का,nan
जेवलास ?	आपण जेवण केले आहे का?,,जेवलास आपण जेवण केले आहे का,nan
जेवलास ?	आपण जेवण केले आहे का?,,जेवलास आपण जेवण केले आहे का,nan
उद्या येशील ?	आपण उद्या येणार आहात का?,,उद्या येशील आपण उद्या येणार आहात का,nan
उद्या येशील  रे?	आपण उद्या येणार आहात का?,,उद्या येशील महोदय आपण उद्या येणार आहात का,nan
कसा आहेस?	आपण कसे आहात?,,कसा आहेस आपण कसे आहात,nan
कुठं जातोयस रे?	आपण कुठे जात आहात?,,कुठं जातोयस महोदय आपण कुठे जात आहात,nan
काय करतोयस रे?	आपण काय करत आहात?,,काय आहे करतोयस महोदय आपण काय आहे करत आहात,nan
काय करतोयस?	आपण काय करत आहात?,,काय आहे करतोयस आपण काय आहे करत आहात,nan
सोबत येशील  रे?	आपण माझ्यासोबत याल का?,,सोबत येशील महोदय आपण माझ्यासोबत याल का,nan
कुठं जातोयस?	आपण कुठे जात आहात?,,कुठं जातोयस आपण कुठे जात आहात,nan
काय करतोयस?	आपण काय करत आहात?,,काय आहे करतोयस आपण काय आहे करत आहात,nan
कसा आहेस?	आपण कसे आहात?,,कसा आहेस आपण कसे आहात,nan
सोबत येशील ?	आपण माझ्यासोबत याल का?,,सोबत येशील आपण माझ्यासोबत याल का,nan
घरी जातोयस  रे?	आपण घरी जात आहात का?,,घरी जातोयस महोदय आपण घरी जात आहात का,nan
काय करतोयस रे?	आपण काय करत आहात?,,काय आहे करतोयस महोदय आपण काय आहे करत आहात,nan
अभ्यास करतोयस ?	आपण अभ्यास करत आहात का?,,अभ्यास करतोयस आपण अभ्यास करत आहात का,nan
कुठं जातोयस?	आपण कुठे जात आहात?,,कुठं जातोयस आपण कुठे जात आहात,nan
कुठं जातोयस रे?	आपण कुठे जात आहात?,,कुठं जातोयस महोदय आपण कुठे जात आहात,nan
काय करतोयस?	आपण काय करत आहात?,,काय आहे करतोयस आपण काय आहे करत आहात,nan
सोबत येशील  रे?	आपण माझ्यासोबत याल का?,,सोबत येशील महोदय आपण माझ्यासोबत याल का,nan
काय करतोयस?	आपण काय करत आहात?,,काय आहे करतोयस आपण काय आहे करत आहात,nan
उद्या येशील ?	आपण उद्या येणार आहात का?,,उद्या येशील आपण उद्या येणार आहात का,nan
उद्या येशील ?	आपण उद्या येणार आहात का?,,उद्या येशील आपण उद्या येणार आहात का,nan
अभ्यास करतोयस  रे?	आपण अभ्यास करत आहात का?,,अभ्यास करतोयस महोदय आपण अभ्यास करत आहात का,nan
मदत करशील ?	आपण मला मदत करू शकता का?,,मदत करशील आपण माझ्यासाठी मदत करू शकता का,nan
जेवलास  रे?	आपण जेवण केले आहे का?,,जेवलास महोदय आपण जेवण केले आहे का,nan
उद्या येशील ?	आपण उद्या येणार आहात का?,,उद्या येशील आपण उद्या येणार आहात का,nan
घरी जातोयस  रे?	आपण घरी जात आहात का?,,घरी जातोयस महोदय आपण घरी जात आहात का,nan
उद्या येशील ?	आपण उद्या येणार आहात का?,,उद्या येशील आपण उद्या येणार आहात का,nan
कसा आहेस?	आपण कसे आहात?,,कसा आहेस आपण कसे आहात,nan
जेवलास ?	आपण जेवण केले आहे का?,,जेवलास आपण जेवण केले आहे का,nan
काय करतोयस रे?	आपण काय करत आहात?,,काय आहे करतोयस महोदय आपण काय आहे करत आहात,nan
घरी जातोयस ?	आपण घरी जात आहात का?,,घरी जातोयस आपण घरी जात आहात का,nan
उद्या येशील ?	आपण उद्या येणार आहात का?,,उद्या येशील आपण उद्या येणार आहात का,nan
बसमध्ये बसलास ?	आपण बसमध्ये बसलेले आहात का?,,बसमध्ये बसलास आपण बसमध्ये बसलेले आहात का,nan
बसमध्ये बसलास  रे?	आपण बसमध्ये बसलेले आहात का?,,बसमध्ये बसलास महोदय आपण बसमध्ये बसलेले आहात का,nan
बसमध्ये बसलास  रे?	आपण बसमध्ये बसलेले आहात का?,,बसमध्ये बसलास महोदय आपण बसमध्ये बसलेले आहात का,nan
काय करतोयस रे?	आपण काय करत आहात?,,काय आहे करतोयस महोदय आपण काय आहे करत आहात,nan
कसा आहेस?	आपण कसे आहात?,,कसा आहेस आपण कसे आहात,nan
मदत करशील ?	आपण मला मदत करू शकता का?,,मदत करशील आपण माझ्यासाठी मदत करू शकता का,nan
काय करतोयस?	आपण काय करत आहात?,,काय आहे करतोयस आपण काय आहे करत आहात,nan
बसमध्ये बसलास ?	आपण बसमध्ये बसलेले आहात का?,,बसमध्ये बसलास आपण बसमध्ये बसलेले आहात का,nan
उद्या येशील ?	आपण उद्या येणार आहात का?,,उद्या येशील आपण उद्या येणार आहात का,nan
मदत करशील  रे?	आपण मला मदत करू शकता का?,,मदत करशील महोदय आपण माझ्यासाठी मदत करू शकता का,nan
जेवलास ?	आपण जेवण केले आहे का?,,जेवलास आपण जेवण केले आहे का,nan
काय करतोयस?	आपण काय करत आहात?,,काय आहे करतोयस आपण काय आहे करत आहात,nan
घरी जातोयस ?	आपण घरी जात आहात का?,,घरी जातोयस आपण घरी जात आहात का,nan
कुठं जातोयस?	आपण कुठे जात आहात?,,कुठं जातोयस आपण कुठे जात आहात,nan
सोबत येशील ?	आपण माझ्यासोबत याल का?,,सोबत येशील आपण माझ्यासोबत याल का,nan
उद्या येशील  रे?	आपण उद्या येणार आहात का?,,उद्या येशील महोदय आपण उद्या येणार आहात का,nan
कसा आहेस?	आपण कसे आहात?,,कसा आहेस आपण कसे आहात,nan
उद्या येशील ?	आपण उद्या येणार आहात का?,,उद्या येशील आपण उद्या येणार आहात का,nan
कसा आहेस?	आपण कसे आहात?,,कसा आहेस आपण कसे आहात,nan
बसमध्ये बसलास ?	आपण बसमध्ये बसलेले आहात का?,,बसमध्ये बसलास आपण बसमध्ये बसलेले आहात का,nan
बसमध्ये बसलास ?	आपण बसमध्ये बसलेले आहात का?,,बसमध्ये बसलास आपण बसमध्ये बसलेले आहात का,nan
कुठं जातोयस?	आपण कुठे जात आहात?,,कुठं जातोयस आपण कुठे जात आहात,nan
घरी जातोयस ?	आपण घरी जात आहात का?,,घरी जातोयस आपण घरी जात आहात का,nan
कुठं जातोयस?	आपण कुठे जात आहात?,,कुठं जातोयस आपण कुठे जात आहात,nan
सोबत येशील ?	आपण माझ्यासोबत याल का?,,सोबत येशील आपण माझ्यासोबत याल का,nan
कसा आहेस?	आपण कसे आहात?,,कसा आहेस आपण कसे आहात,nan
घरी जातोयस ?	आपण घरी जात आहात का?,,घरी जातोयस आपण घरी जात आहात का,nan
काय करतोयस?	आपण काय करत आहात?,,काय आहे करतोयस आपण काय आहे करत आहात,nan
उद्या येशील ?	आपण उद्या येणार आहात का?,,उद्या येशील आपण उद्या येणार आहात का,nan
उद्या येशील ?	आपण उद्या येणार आहात का?,,उद्या येशील आपण उद्या येणार आहात का,nan
सोबत येशील ?	आपण माझ्यासोबत याल का?,,सोबत येशील आपण माझ्यासोबत याल का,nan
उद्या येशील ?	आपण उद्या येणार आहात का?,,उद्या येशील आपण उद्या येणार आहात का,nan
काय करतोयस?	आपण काय करत आहात?,,काय आहे करतोयस आपण काय आहे करत आहात,nan
सोबत येशील ?	आपण माझ्यासोबत याल का?,,सोबत येशील आपण माझ्यासोबत याल का,nan
घरी जातोयस  रे?	आपण घरी जात आहात का?,,घरी जातोयस महोदय आपण घरी जात आहात का,nan
उद्या येशील  रे?	आपण उद्या येणार आहात का?,,उद्या येशील महोदय आपण उद्या येणार आहात का,nan
घरी जातोयस  रे?	आपण घरी जात आहात का?,,घरी जातोयस महोदय आपण घरी जात आहात का,nan
काय करतोयस रे?	आपण काय करत आहात?,,काय आहे करतोयस महोदय आपण काय आहे करत आहात,nan
काय करतोयस रे?	आपण काय करत आहात?,,काय आहे करतोयस महोदय आपण काय आहे करत आहात,nan
जेवलास  रे?	आपण जेवण केले आहे का?,,जेवलास महोदय आपण जेवण केले आहे का,nan
कुठं जातोयस?	आपण कुठे जात आहात?,,कुठं जातोयस आपण कुठे जात आहात,nan
घरी जातोयस ?	आपण घरी जात आहात का?,,घरी जातोयस आपण घरी जात आहात का,nan
उद्या येशील ?	आपण उद्या येणार आहात का?,,उद्या येशील आपण उद्या येणार आहात का,nan
कसा आहेस?	आपण कसे आहात?,,कसा आहेस आपण कसे आहात,nan
मदत करशील ?	आपण मला मदत करू शकता का?,,मदत करशील आपण माझ्यासाठी मदत करू शकता का,nan
घरी जातोयस ?	आपण घरी जात आहात का?,,घरी जातोयस आपण घरी जात आहात का,nan
कुठं जातोयस रे?	आपण कुठे जात आहात?,,कुठं जातोयस महोदय आपण कुठे जात आहात,nan
अभ्यास करतोयस  रे?	आपण अभ्यास करत आहात का?,,अभ्यास करतोयस महोदय आपण अभ्यास करत आहात का,nan
बसमध्ये बसलास ?	आपण बसमध्ये बसलेले आहात का?,,बसमध्ये बसलास आपण बसमध्ये बसलेले आहात का,nan
घरी जातोयस ?	आपण घरी जात आहात का?,,घरी जातोयस आपण घरी जात आहात का,nan
सोबत येशील ?	आपण माझ्यासोबत याल का?,,सोबत येशील आपण माझ्यासोबत याल का,nan
मदत करशील ?	आपण मला मदत करू शकता का?,,मदत करशील आपण माझ्यासाठी मदत करू शकता का,nan
काय करतोयस?	आपण काय करत आहात?,,काय आहे करतोयस आपण काय आहे करत आहात,nan
कसा आहेस?	आपण कसे आहात?,,कसा आहेस आपण कसे आहात,nan
उद्या येशील ?	आपण उद्या येणार आहात का?,,उद्या येशील आपण उद्या येणार आहात का,nan
बसमध्ये बसलास ?	आपण बसमध्ये बसलेले आहात का?,,बसमध्ये बसलास आपण बसमध्ये बसलेले आहात का,nan
मदत करशील ?	आपण मला मदत करू शकता का?,,मदत करशील आपण माझ्यासाठी मदत करू शकता का,nan
अभ्यास करतोयस ?	आपण अभ्यास करत आहात का?,,अभ्यास करतोयस आपण अभ्यास करत आहात का,nan
उद्या येशील ?	आपण उद्या येणार आहात का?,,उद्या येशील आपण उद्या येणार आहात का,nan
कसा आहेस रे?	आपण कसे आहात?,,कसा आहेस महोदय आपण कसे आहात,nan
काय करतोयस?	आपण काय करत आहात?,,काय आहे करतोयस आपण काय आहे करत आहात,nan
जेवलास  रे?	आपण जेवण केले आहे का?,,जेवलास महोदय आपण जेवण केले आहे का,nan
सोबत येशील ?	आपण माझ्यासोबत याल का?,,सोबत येशील आपण माझ्यासोबत याल का,nan
जेवलास ?	आपण जेवण केले आहे का?,,जेवलास आपण जेवण केले आहे का,nan
सोबत येशील  रे?	आपण माझ्यासोबत याल का?,,सोबत येशील महोदय आपण माझ्यासोबत याल का,nan
कुठं जातोयस?	आपण कुठे जात आहात?,,कुठं जातोयस आपण कुठे जात आहात,nan
उद्या येशील ?	आपण उद्या येणार आहात का?,,उद्या येशील आपण उद्या येणार आहात का,nan
घरी जातोयस ?	आपण घरी जात आहात का?,,घरी जातोयस आपण घरी जात आहात का,nan
मदत करशील  रे?	आपण मला मदत करू शकता का?,,मदत करशील महोदय आपण माझ्यासाठी मदत करू शकता का,nan
घरी जातोयस ?	आपण घरी जात आहात का?,,घरी जातोयस आपण घरी जात आहात का,nan
अभ्यास करतोयस  रे?	आपण अभ्यास करत आहात का?,,अभ्यास करतोयस महोदय आपण अभ्यास करत आहात का,nan
घरी जातोयस ?	आपण घरी जात आहात का?,,घरी जातोयस आपण घरी जात आहात का,nan
सोबत येशील ?	आपण माझ्यासोबत याल का?,,सोबत येशील आपण माझ्यासोबत याल का,nan
जेवलास ?	आपण जेवण केले आहे का?,,जेवलास आपण जेवण केले आहे का,nan
कसा आहेस?	आपण कसे आहात?,,कसा आहेस आपण कसे आहात,nan
अभ्यास करतोयस ?	आपण अभ्यास करत आहात का?,,अभ्यास करतोयस आपण अभ्यास करत आहात का,nan
काय करतोयस रे?	आपण काय करत आहात?,,काय आहे करतोयस महोदय आपण काय आहे करत आहात,nan
घरी जातोयस ?	आपण घरी जात आहात का?,,घरी जातोयस आपण घरी जात आहात का,nan
घरी जातोयस ?	आपण घरी जात आहात का?,,घरी जातोयस आपण घरी जात आहात का,nan
मदत करशील  रे?	आपण मला मदत करू शकता का?,,मदत करशील महोदय आपण माझ्यासाठी मदत करू शकता का,nan
सोबत येशील  रे?	आपण माझ्यासोबत याल का?,,सोबत येशील महोदय आपण माझ्यासोबत याल का,nan
अभ्यास करतोयस ?	आपण अभ्यास करत आहात का?,,अभ्यास करतोयस आपण अभ्यास करत आहात का,nan
सोबत येशील ?	आपण माझ्यासोबत याल का?,,सोबत येशील आपण माझ्यासोबत याल का,nan
उद्या येशील ?	आपण उद्या येणार आहात का?,,उद्या येशील आपण उद्या येणार आहात का,nan
कसा आहेस?	आपण कसे आहात?,,कसा आहेस आपण कसे आहात,nan
सोबत येशील  रे?	आपण माझ्यासोबत याल का?,,सोबत येशील महोदय आपण माझ्यासोबत याल का,nan
सोबत येशील ?	आपण माझ्यासोबत याल का?,,सोबत येशील आपण माझ्यासोबत याल का,nan
कसा आहेस?	आपण कसे आहात?,,कसा आहेस आपण कसे आहात,nan
अभ्यास करतोयस ?	आपण अभ्यास करत आहात का?,,अभ्यास करतोयस आपण अभ्यास करत आहात का,nan
घरी जातोयस  रे?	आपण घरी जात आहात का?,,घरी जातोयस महोदय आपण घरी जात आहात का,nan
उद्या येशील ?	आपण उद्या येणार आहात का?,,उद्या येशील आपण उद्या येणार आहात का,nan
घरी जातोयस  रे?	आपण घरी जात आहात का?,,घरी जातोयस महोदय आपण घरी जात आहात का,nan
कसा आहेस?	आपण कसे आहात?,,कसा आहेस आपण कसे आहात,nan
अभ्यास करतोयस ?	आपण अभ्यास करत आहात का?,,अभ्यास करतोयस आपण अभ्यास करत आहात का,nan
जेवलास  रे?	आपण जेवण केले आहे का?,,जेवलास महोदय आपण जेवण केले आहे का,nan
कसा आहेस?	आपण कसे आहात?,,कसा आहेस आपण कसे आहात,nan
उद्या येशील ?	आपण उद्या येणार आहात का?,,उद्या येशील आपण उद्या येणार आहात का,nan
उद्या येशील ?	आपण उद्या येणार आहात का?,,उद्या येशील आपण उद्या येणार आहात का,nan
काय करतोयस?	आपण काय करत आहात?,,काय आहे करतोयस आपण काय आहे करत आहात,nan
मदत करशील ?	आपण मला मदत करू शकता का?,,मदत करशील आपण माझ्यासाठी मदत करू शकता का,nan
अभ्यास करतोयस  रे?	आपण अभ्यास करत आहात का?,,अभ्यास करतोयस महोदय आपण अभ्यास करत आहात का,nan
सोबत येशील  रे?	आपण माझ्यासोबत याल का?,,सोबत येशील महोदय आपण माझ्यासोबत याल का,nan
बसमध्ये बसलास  रे?	आपण बसमध्ये बसलेले आहात का?,,बसमध्ये बसलास महोदय आपण बसमध्ये बसलेले आहात का,nan
जेवलास ?	आपण जेवण केले आहे का?,,जेवलास आपण जेवण केले आहे का,nan
घरी जातोयस  रे?	आपण घरी जात आहात का?,,घरी जातोयस महोदय आपण घरी जात आहात का,nan
उद्या येशील ?	आपण उद्या येणार आहात का?,,उद्या येशील आपण उद्या येणार आहात का,nan
घरी जातोयस ?	आपण घरी जात आहात का?,,घरी जातोयस आपण घरी जात आहात का,nan
कसा आहेस रे?	आपण कसे आहात?,,कसा आहेस महोदय आपण कसे आहात,nan
कुठं जातोयस?	आपण कुठे जात आहात?,,कुठं जातोयस आपण कुठे जात आहात,nan
अभ्यास करतोयस ?	आपण अभ्यास करत आहात का?,,अभ्यास करतोयस आपण अभ्यास करत आहात का,nan
काय करतोयस?	आपण काय करत आहात?,,काय आहे करतोयस आपण काय आहे करत आहात,nan
उद्या येशील  रे?	आपण उद्या येणार आहात का?,,उद्या येशील महोदय आपण उद्या येणार आहात का,nan
कुठं जातोयस?	आपण कुठे जात आहात?,,कुठं जातोयस आपण कुठे जात आहात,nan
बसमध्ये बसलास  रे?	आपण बसमध्ये बसलेले आहात का?,,बसमध्ये बसलास महोदय आपण बसमध्ये बसलेले आहात का,nan
उद्या येशील ?	आपण उद्या येणार आहात का?,,उद्या येशील आपण उद्या येणार आहात का,nan
अभ्यास करतोयस ?	आपण अभ्यास करत आहात का?,,अभ्यास करतोयस आपण अभ्यास करत आहात का,nan
सोबत येशील ?	आपण माझ्यासोबत याल का?,,सोबत येशील आपण माझ्यासोबत याल का,nan
बसमध्ये बसलास ?	आपण बसमध्ये बसलेले आहात का?,,बसमध्ये बसलास आपण बसमध्ये बसलेले आहात का,nan
कसा आहेस?	आपण कसे आहात?,,कसा आहेस आपण कसे आहात,nan
कसा आहेस?	आपण कसे आहात?,,कसा आहेस आपण कसे आहात,nan
सोबत येशील ?	आपण माझ्यासोबत याल का?,,सोबत येशील आपण माझ्यासोबत याल का,nan
घरी जातोयस ?	आपण घरी जात आहात का?,,घरी जातोयस आपण घरी जात आहात का,nan
सोबत येशील  रे?	आपण माझ्यासोबत याल का?,,सोबत येशील महोदय आपण माझ्यासोबत याल का,nan
अभ्यास करतोयस  रे?	आपण अभ्यास करत आहात का?,,अभ्यास करतोयस महोदय आपण अभ्यास करत आहात का,nan
जेवलास ?	आपण जेवण केले आहे का?,,जेवलास आपण जेवण केले आहे का,nan
अभ्यास करतोयस ?	आपण अभ्यास करत आहात का?,,अभ्यास करतोयस आपण अभ्यास करत आहात का,nan
काय करतोयस?	आपण काय करत आहात?,,काय आहे करतोयस आपण काय आहे करत आहात,nan
घरी जातोयस ?	आपण घरी जात आहात का?,,घरी जातोयस आपण घरी जात आहात का,nan
अभ्यास करतोयस ?	आपण अभ्यास करत आहात का?,,अभ्यास करतोयस आपण अभ्यास करत आहात का,nan
उद्या येशील ?	आपण उद्या येणार आहात का?,,उद्या येशील आपण उद्या येणार आहात का,nan
जेवलास  रे?	आपण जेवण केले आहे का?,,जेवलास महोदय आपण जेवण केले आहे का,nan
जेवलास ?	आपण जेवण केले आहे का?,,जेवलास आपण जेवण केले आहे का,nan
घरी जातोयस ?	आपण घरी जात आहात का?,,घरी जातोयस आपण घरी जात आहात का,nan
बसमध्ये बसलास ?	आपण बसमध्ये बसलेले आहात का?,,बसमध्ये बसलास आपण बसमध्ये बसलेले आहात का,nan
घरी जातोयस ?	आपण घरी जात आहात का?,,घरी जातोयस आपण घरी जात आहात का,nan
सोबत येशील  रे?	आपण माझ्यासोबत याल का?,,सोबत येशील महोदय आपण माझ्यासोबत याल का,nan
कुठं जातोयस?	आपण कुठे जात आहात?,,कुठं जातोयस आपण कुठे जात आहात,nan
सोबत येशील ?	आपण माझ्यासोबत याल का?,,सोबत येशील आपण माझ्यासोबत याल का,nan
सोबत येशील ?	आपण माझ्यासोबत याल का?,,सोबत येशील आपण माझ्यासोबत याल का,nan
कसा आहेस रे?	आपण कसे आहात?,,कसा आहेस महोदय आपण कसे आहात,nan
मदत करशील ?	आपण मला मदत करू शकता का?,,मदत करशील आपण माझ्यासाठी मदत करू शकता का,nan
कुठं जातोयस?	आपण कुठे जात आहात?,,कुठं जातोयस आपण कुठे जात आहात,nan
मदत करशील ?	आपण मला मदत करू शकता का?,,मदत करशील आपण माझ्यासाठी मदत करू शकता का,nan
घरी जातोयस ?	आपण घरी जात आहात का?,,घरी जातोयस आपण घरी जात आहात का,nan
कसा आहेस?	आपण कसे आहात?,,कसा आहेस आपण कसे आहात,nan
बसमध्ये बसलास ?	आपण बसमध्ये बसलेले आहात का?,,बसमध्ये बसलास आपण बसमध्ये बसलेले आहात का,nan
बसमध्ये बसलास  रे?	आपण बसमध्ये बसलेले आहात का?,,बसमध्ये बसलास महोदय आपण बसमध्ये बसलेले आहात का,nan
काय करतोयस?	आपण काय करत आहात?,,काय आहे करतोयस आपण काय आहे करत आहात,nan
घरी जातोयस  रे?	आपण घरी जात आहात का?,,घरी जातोयस महोदय आपण घरी जात आहात का,nan
जेवलास  रे?	आपण जेवण केले आहे का?,,जेवलास महोदय आपण जेवण केले आहे का,nan
अभ्यास करतोयस ?	आपण अभ्यास करत आहात का?,,अभ्यास करतोयस आपण अभ्यास करत आहात का,nan
घरी जातोयस ?	आपण घरी जात आहात का?,,घरी जातोयस आपण घरी जात आहात का,nan
जेवलास ?	आपण जेवण केले आहे का?,,जेवलास आपण जेवण केले आहे का,nan
बसमध्ये बसलास  रे?	आपण बसमध्ये बसलेले आहात का?,,बसमध्ये बसलास महोदय आपण बसमध्ये बसलेले आहात का,nan
काय करतोयस?	आपण काय करत आहात?,,काय आहे करतोयस आपण काय आहे करत आहात,nan
जेवलास  रे?	आपण जेवण केले आहे का?,,जेवलास महोदय आपण जेवण केले आहे का,nan
काय करतोयस?	आपण काय करत आहात?,,काय आहे करतोयस आपण काय आहे करत आहात,nan
काय करतोयस?	आपण काय करत आहात?,,काय आहे करतोयस आपण काय आहे करत आहात,nan
घरी जातोयस ?	आपण घरी जात आहात का?,,घरी जातोयस आपण घरी जात आहात का,nan
उद्या येशील ?	आपण उद्या येणार आहात का?,,उद्या येशील आपण उद्या येणार आहात का,nan
सोबत येशील ?	आपण माझ्यासोबत याल का?,,सोबत येशील आपण माझ्यासोबत याल का,nan
अभ्यास करतोयस ?	आपण अभ्यास करत आहात का?,,अभ्यास करतोयस आपण अभ्यास करत आहात का,nan
कुठं जातोयस रे?	आपण कुठे जात आहात?,,कुठं जातोयस महोदय आपण कुठे जात आहात,nan
घरी जातोयस  रे?	आपण घरी जात आहात का?,,घरी जातोयस महोदय आपण घरी जात आहात का,nan
काय करतोयस रे?	आपण काय करत आहात?,,काय आहे करतोयस महोदय आपण काय आहे करत आहात,nan
मदत करशील ?	आपण मला मदत करू शकता का?,,मदत करशील आपण माझ्यासाठी मदत करू शकता का,nan
अभ्यास करतोयस ?	आपण अभ्यास करत आहात का?,,अभ्यास करतोयस आपण अभ्यास करत आहात का,nan
बसमध्ये बसलास ?	आपण बसमध्ये बसलेले आहात का?,,बसमध्ये बसलास आपण बसमध्ये बसलेले आहात का,nan
उद्या येशील  रे?	आपण उद्या येणार आहात का?,,उद्या येशील महोदय आपण उद्या येणार आहात का,nan
बसमध्ये बसलास ?	आपण बसमध्ये बसलेले आहात का?,,बसमध्ये बसलास आपण बसमध्ये बसलेले आहात का,nan
सोबत येशील ?	आपण माझ्यासोबत याल का?,,सोबत येशील आपण माझ्यासोबत याल का,nan
मदत करशील ?	आपण मला मदत करू शकता का?,,मदत करशील आपण माझ्यासाठी मदत करू शकता का,nan
उद्या येशील ?	आपण उद्या येणार आहात का?,,उद्या येशील आपण उद्या येणार आहात का,nan
उद्या येशील ?	आपण उद्या येणार आहात का?,,उद्या येशील आपण उद्या येणार आहात का,nan
घरी जातोयस ?	आपण घरी जात आहात का?,,घरी जातोयस आपण घरी जात आहात का,nan
जेवलास  रे?	आपण जेवण केले आहे का?,,जेवलास महोदय आपण जेवण केले आहे का,nan
घरी जातोयस ?	आपण घरी जात आहात का?,,घरी जातोयस आपण घरी जात आहात का,nan
अभ्यास करतोयस ?	आपण अभ्यास करत आहात का?,,अभ्यास करतोयस आपण अभ्यास करत आहात का,nan
जेवलास ?	आपण जेवण केले आहे का?,,जेवलास आपण जेवण केले आहे का,nan
जेवलास ?	आपण जेवण केले आहे का?,,जेवलास आपण जेवण केले आहे का,nan
काय करतोयस रे?	आपण काय करत आहात?,,काय आहे करतोयस महोदय आपण काय आहे करत आहात,nan
कसा आहेस?	आपण कसे आहात?,,कसा आहेस आपण कसे आहात,nan
अभ्यास करतोयस  रे?	आपण अभ्यास करत आहात का?,,अभ्यास करतोयस महोदय आपण अभ्यास करत आहात का,nan
मदत करशील ?	आपण मला मदत करू शकता का?,,मदत करशील आपण माझ्यासाठी मदत करू शकता का,nan
सोबत येशील ?	आपण माझ्यासोबत याल का?,,सोबत येशील आपण माझ्यासोबत याल का,nan
उद्या येशील ?	आपण उद्या येणार आहात का?,,उद्या येशील आपण उद्या येणार आहात का,nan
सोबत येशील ?	आपण माझ्यासोबत याल का?,,सोबत येशील आपण माझ्यासोबत याल का,nan
घरी जातोयस  रे?	आपण घरी जात आहात का?,,घरी जातोयस महोदय आपण घरी जात आहात का,nan
काय करतोयस?	आपण काय करत आहात?,,काय आहे करतोयस आपण काय आहे करत आहात,nan
बसमध्ये बसलास  रे?	आपण बसमध्ये बसलेले आहात का?,,बसमध्ये बसलास महोदय आपण बसमध्ये बसलेले आहात का,nan
मदत करशील ?	आपण मला मदत करू शकता का?,,मदत करशील आपण माझ्यासाठी मदत करू शकता का,nan
काय करतोयस?	आपण काय करत आहात?,,काय आहे करतोयस आपण काय आहे करत आहात,nan
उद्या येशील ?	आपण उद्या येणार आहात का?,,उद्या येशील आपण उद्या येणार आहात का,nan
काय करतोयस?	आपण काय करत आहात?,,काय आहे करतोयस आपण काय आहे करत आहात,nan
जेवलास  रे?	आपण जेवण केले आहे का?,,जेवलास महोदय आपण जेवण केले आहे का,nan
बसमध्ये बसलास  रे?	आपण बसमध्ये बसलेले आहात का?,,बसमध्ये बसलास महोदय आपण बसमध्ये बसलेले आहात का,nan
घरी जातोयस ?	आपण घरी जात आहात का?,,घरी जातोयस आपण घरी जात आहात का,nan
बसमध्ये बसलास ?	आपण बसमध्ये बसलेले आहात का?,,बसमध्ये बसलास आपण बसमध्ये बसलेले आहात का,nan
सोबत येशील ?	आपण माझ्यासोबत याल का?,,सोबत येशील आपण माझ्यासोबत याल का,nan
अभ्यास करतोयस ?	आपण अभ्यास करत आहात का?,,अभ्यास करतोयस आपण अभ्यास करत आहात का,nan
मदत करशील ?	आपण मला मदत करू शकता का?,,मदत करशील आपण माझ्यासाठी मदत करू शकता का,nan
मदत करशील ?	आपण मला मदत करू शकता का?,,मदत करशील आपण माझ्यासाठी मदत करू शकता का,nan
जेवलास  रे?	आपण जेवण केले आहे का?,,जेवलास महोदय आपण जेवण केले आहे का,nan
उद्या येशील  रे?	आपण उद्या येणार आहात का?,,उद्या येशील महोदय आपण उद्या येणार आहात का,nan
मदत करशील ?	आपण मला मदत करू शकता का?,,मदत करशील आपण माझ्यासाठी मदत करू शकता का,nan
उद्या येशील ?	आपण उद्या येणार आहात का?,,उद्या येशील आपण उद्या येणार आहात का,nan
बसमध्ये बसलास  रे?	आपण बसमध्ये बसलेले आहात का?,,बसमध्ये बसलास महोदय आपण बसमध्ये बसलेले आहात का,nan
जेवलास ?	आपण जेवण केले आहे का?,,जेवलास आपण जेवण केले आहे का,nan
उद्या येशील ?	आपण उद्या येणार आहात का?,,उद्या येशील आपण उद्या येणार आहात का,nan
सोबत येशील  रे?	आपण माझ्यासोबत याल का?,,सोबत येशील महोदय आपण माझ्यासोबत याल का,nan
जेवलास  रे?	आपण जेवण केले आहे का?,,जेवलास महोदय आपण जेवण केले आहे का,nan
कुठं जातोयस?	आपण कुठे जात आहात?,,कुठं जातोयस आपण कुठे जात आहात,nan
